Analysis & Synthesis report for ProcesadorMonocicloRISCV_VGA
Tue Nov 25 20:21:09 2025
Quartus Prime Version 23.1std.1 Build 993 05/14/2024 SC Lite Edition


---------------------
; Table of Contents ;
---------------------
  1. Legal Notice
  2. Analysis & Synthesis Summary
  3. Analysis & Synthesis Settings
  4. Parallel Compilation
  5. Analysis & Synthesis Source Files Read
  6. Analysis & Synthesis Resource Usage Summary
  7. Analysis & Synthesis Resource Utilization by Entity
  8. Analysis & Synthesis RAM Summary
  9. Analysis & Synthesis IP Cores Summary
 10. Registers Removed During Synthesis
 11. Removed Registers Triggering Further Register Optimizations
 12. General Register Statistics
 13. Registers Packed Into Inferred Megafunctions
 14. Multiplexer Restructuring Statistics (Restructuring Performed)
 15. Source assignments for VGA_RISCV_Debug_Panel:vga_display|altsyncram:font_rom_rtl_0|altsyncram_grg1:auto_generated
 16. Parameter Settings for User Entity Instance: clock1280x800:vga_clock_gen|vgaClock:clk|vgaClock_video_pll_0:video_pll_0|vgaClock_video_pll_0_video_pll:video_pll|altera_pll:altera_pll_i
 17. Parameter Settings for User Entity Instance: vga_controller_1280x800:vga_ctrl
 18. Parameter Settings for User Entity Instance: VGA_RISCV_Debug_Panel:vga_display
 19. Parameter Settings for Inferred Entity Instance: VGA_RISCV_Debug_Panel:vga_display|altsyncram:font_rom_rtl_0
 20. Parameter Settings for Inferred Entity Instance: VGA_RISCV_Debug_Panel:vga_display|lpm_divide:Mod0
 21. Parameter Settings for Inferred Entity Instance: VGA_RISCV_Debug_Panel:vga_display|lpm_divide:Div0
 22. altsyncram Parameter Settings by Entity Instance
 23. Port Connectivity Checks: "clock1280x800:vga_clock_gen|vgaClock:clk|vgaClock_video_pll_0:video_pll_0|vgaClock_video_pll_0_video_pll:video_pll|altera_pll:altera_pll_i"
 24. Port Connectivity Checks: "clock1280x800:vga_clock_gen|vgaClock:clk|vgaClock_video_pll_0:video_pll_0|vgaClock_video_pll_0_video_pll:video_pll"
 25. Port Connectivity Checks: "clock1280x800:vga_clock_gen|vgaClock:clk"
 26. Port Connectivity Checks: "DataMemory_32bits_VGA:data_memory"
 27. Port Connectivity Checks: "ALU_32bits:alu"
 28. Port Connectivity Checks: "CU_32bits:control_unit"
 29. Port Connectivity Checks: "PC_32bit:program_counter"
 30. Post-Synthesis Netlist Statistics for Top Partition
 31. Elapsed Time Per Partition
 32. Analysis & Synthesis Messages
 33. Analysis & Synthesis Suppressed Messages



----------------
; Legal Notice ;
----------------
Copyright (C) 2024  Intel Corporation. All rights reserved.
Your use of Intel Corporation's design tools, logic functions 
and other software and tools, and any partner logic 
functions, and any output files from any of the foregoing 
(including device programming or simulation files), and any 
associated documentation or information are expressly subject 
to the terms and conditions of the Intel Program License 
Subscription Agreement, the Intel Quartus Prime License Agreement,
the Intel FPGA IP License Agreement, or other applicable license
agreement, including, without limitation, that your use is for
the sole purpose of programming logic devices manufactured by
Intel and sold by Intel or its authorized distributors.  Please
refer to the applicable agreement for further details, at
https://fpgasoftware.intel.com/eula.



+----------------------------------------------------------------------------------+
; Analysis & Synthesis Summary                                                     ;
+---------------------------------+------------------------------------------------+
; Analysis & Synthesis Status     ; Successful - Tue Nov 25 20:21:09 2025          ;
; Quartus Prime Version           ; 23.1std.1 Build 993 05/14/2024 SC Lite Edition ;
; Revision Name                   ; ProcesadorMonocicloRISCV_VGA                   ;
; Top-level Entity Name           ; ProcesadorMonociclo_32bits_VGA                 ;
; Family                          ; Cyclone V                                      ;
; Logic utilization (in ALMs)     ; N/A                                            ;
; Total registers                 ; 105                                            ;
; Total pins                      ; 41                                             ;
; Total virtual pins              ; 0                                              ;
; Total block memory bits         ; 16,384                                         ;
; Total DSP Blocks                ; 0                                              ;
; Total HSSI RX PCSs              ; 0                                              ;
; Total HSSI PMA RX Deserializers ; 0                                              ;
; Total HSSI TX PCSs              ; 0                                              ;
; Total HSSI PMA TX Serializers   ; 0                                              ;
; Total PLLs                      ; 1                                              ;
; Total DLLs                      ; 0                                              ;
+---------------------------------+------------------------------------------------+


+-------------------------------------------------------------------------------------------------------------------------------------------------+
; Analysis & Synthesis Settings                                                                                                                   ;
+---------------------------------------------------------------------------------+--------------------------------+------------------------------+
; Option                                                                          ; Setting                        ; Default Value                ;
+---------------------------------------------------------------------------------+--------------------------------+------------------------------+
; Device                                                                          ; 5CSEMA5F31C6                   ;                              ;
; Top-level entity name                                                           ; ProcesadorMonociclo_32bits_VGA ; ProcesadorMonocicloRISCV_VGA ;
; Family name                                                                     ; Cyclone V                      ; Cyclone V                    ;
; Maximum processors allowed for parallel compilation                             ; 4                              ;                              ;
; Use smart compilation                                                           ; Off                            ; Off                          ;
; Enable parallel Assembler and Timing Analyzer during compilation                ; On                             ; On                           ;
; Enable compact report table                                                     ; Off                            ; Off                          ;
; Restructure Multiplexers                                                        ; Auto                           ; Auto                         ;
; MLAB Add Timing Constraints For Mixed-Port Feed-Through Mode Setting Don't Care ; Off                            ; Off                          ;
; Create Debugging Nodes for IP Cores                                             ; Off                            ; Off                          ;
; Preserve fewer node names                                                       ; On                             ; On                           ;
; Intel FPGA IP Evaluation Mode                                                   ; Enable                         ; Enable                       ;
; Verilog Version                                                                 ; Verilog_2001                   ; Verilog_2001                 ;
; VHDL Version                                                                    ; VHDL_1993                      ; VHDL_1993                    ;
; State Machine Processing                                                        ; Auto                           ; Auto                         ;
; Safe State Machine                                                              ; Off                            ; Off                          ;
; Extract Verilog State Machines                                                  ; On                             ; On                           ;
; Extract VHDL State Machines                                                     ; On                             ; On                           ;
; Ignore Verilog initial constructs                                               ; Off                            ; Off                          ;
; Iteration limit for constant Verilog loops                                      ; 5000                           ; 5000                         ;
; Iteration limit for non-constant Verilog loops                                  ; 250                            ; 250                          ;
; Add Pass-Through Logic to Inferred RAMs                                         ; On                             ; On                           ;
; Infer RAMs from Raw Logic                                                       ; On                             ; On                           ;
; Parallel Synthesis                                                              ; On                             ; On                           ;
; DSP Block Balancing                                                             ; Auto                           ; Auto                         ;
; NOT Gate Push-Back                                                              ; On                             ; On                           ;
; Power-Up Don't Care                                                             ; On                             ; On                           ;
; Remove Redundant Logic Cells                                                    ; Off                            ; Off                          ;
; Remove Duplicate Registers                                                      ; On                             ; On                           ;
; Ignore CARRY Buffers                                                            ; Off                            ; Off                          ;
; Ignore CASCADE Buffers                                                          ; Off                            ; Off                          ;
; Ignore GLOBAL Buffers                                                           ; Off                            ; Off                          ;
; Ignore ROW GLOBAL Buffers                                                       ; Off                            ; Off                          ;
; Ignore LCELL Buffers                                                            ; Off                            ; Off                          ;
; Ignore SOFT Buffers                                                             ; On                             ; On                           ;
; Limit AHDL Integers to 32 Bits                                                  ; Off                            ; Off                          ;
; Optimization Technique                                                          ; Balanced                       ; Balanced                     ;
; Carry Chain Length                                                              ; 70                             ; 70                           ;
; Auto Carry Chains                                                               ; On                             ; On                           ;
; Auto Open-Drain Pins                                                            ; On                             ; On                           ;
; Perform WYSIWYG Primitive Resynthesis                                           ; Off                            ; Off                          ;
; Auto ROM Replacement                                                            ; On                             ; On                           ;
; Auto RAM Replacement                                                            ; On                             ; On                           ;
; Auto DSP Block Replacement                                                      ; On                             ; On                           ;
; Auto Shift Register Replacement                                                 ; Auto                           ; Auto                         ;
; Allow Shift Register Merging across Hierarchies                                 ; Auto                           ; Auto                         ;
; Auto Clock Enable Replacement                                                   ; On                             ; On                           ;
; Strict RAM Replacement                                                          ; Off                            ; Off                          ;
; Allow Synchronous Control Signals                                               ; On                             ; On                           ;
; Force Use of Synchronous Clear Signals                                          ; Off                            ; Off                          ;
; Auto Resource Sharing                                                           ; Off                            ; Off                          ;
; Allow Any RAM Size For Recognition                                              ; Off                            ; Off                          ;
; Allow Any ROM Size For Recognition                                              ; Off                            ; Off                          ;
; Allow Any Shift Register Size For Recognition                                   ; Off                            ; Off                          ;
; Use LogicLock Constraints during Resource Balancing                             ; On                             ; On                           ;
; Ignore translate_off and synthesis_off directives                               ; Off                            ; Off                          ;
; Timing-Driven Synthesis                                                         ; On                             ; On                           ;
; Report Parameter Settings                                                       ; On                             ; On                           ;
; Report Source Assignments                                                       ; On                             ; On                           ;
; Report Connectivity Checks                                                      ; On                             ; On                           ;
; Ignore Maximum Fan-Out Assignments                                              ; Off                            ; Off                          ;
; Synchronization Register Chain Length                                           ; 3                              ; 3                            ;
; Power Optimization During Synthesis                                             ; Normal compilation             ; Normal compilation           ;
; HDL message level                                                               ; Level2                         ; Level2                       ;
; Suppress Register Optimization Related Messages                                 ; Off                            ; Off                          ;
; Number of Removed Registers Reported in Synthesis Report                        ; 5000                           ; 5000                         ;
; Number of Swept Nodes Reported in Synthesis Report                              ; 5000                           ; 5000                         ;
; Number of Inverted Registers Reported in Synthesis Report                       ; 100                            ; 100                          ;
; Clock MUX Protection                                                            ; On                             ; On                           ;
; Auto Gated Clock Conversion                                                     ; Off                            ; Off                          ;
; Block Design Naming                                                             ; Auto                           ; Auto                         ;
; SDC constraint protection                                                       ; Off                            ; Off                          ;
; Synthesis Effort                                                                ; Auto                           ; Auto                         ;
; Shift Register Replacement - Allow Asynchronous Clear Signal                    ; On                             ; On                           ;
; Pre-Mapping Resynthesis Optimization                                            ; Off                            ; Off                          ;
; Analysis & Synthesis Message Level                                              ; Medium                         ; Medium                       ;
; Disable Register Merging Across Hierarchies                                     ; Auto                           ; Auto                         ;
; Resource Aware Inference For Block RAM                                          ; On                             ; On                           ;
; Automatic Parallel Synthesis                                                    ; On                             ; On                           ;
; Partial Reconfiguration Bitstream ID                                            ; Off                            ; Off                          ;
+---------------------------------------------------------------------------------+--------------------------------+------------------------------+


+------------------------------------------+
; Parallel Compilation                     ;
+----------------------------+-------------+
; Processors                 ; Number      ;
+----------------------------+-------------+
; Number detected on machine ; 8           ;
; Maximum allowed            ; 4           ;
;                            ;             ;
; Average used               ; 1.00        ;
; Maximum used               ; 4           ;
;                            ;             ;
; Usage by Processor         ; % Time Used ;
;     Processor 1            ; 100.0%      ;
;     Processors 2-4         ;   0.0%      ;
+----------------------------+-------------+


+------------------------------------------------------------------------------------------------------------------------------------------------------------------------------------------------------------------------------------------------------------------------------------------------------------------------------------------------------------------------------------------------------------+
; Analysis & Synthesis Source Files Read                                                                                                                                                                                                                                                                                                                                                                     ;
+--------------------------------------------------------------------------------------------------------------------------------------------------------+-----------------+-------------------------------------------------------+--------------------------------------------------------------------------------------------------------------------------------------------------------------+----------+
; File Name with User-Entered Path                                                                                                                       ; Used in Netlist ; File Type                                             ; File Name with Absolute Path                                                                                                                                 ; Library  ;
+--------------------------------------------------------------------------------------------------------------------------------------------------------+-----------------+-------------------------------------------------------+--------------------------------------------------------------------------------------------------------------------------------------------------------------+----------+
; ProcesadorMonociclo_32bits_VGA.v                                                                                                                       ; yes             ; User Verilog HDL File                                 ; C:/Users/joseo/Desktop/Code/ArquitecturaComputadores/ProcesadorMonociclo/Quartus/ProcesadorMonociclo_32bits_VGA.v                                            ;          ;
; VGA_RISCV_Debug_Panel.v                                                                                                                                ; yes             ; User Verilog HDL File                                 ; C:/Users/joseo/Desktop/Code/ArquitecturaComputadores/ProcesadorMonociclo/Quartus/VGA_RISCV_Debug_Panel.v                                                     ;          ;
; VGA_Controller_1280x800.v                                                                                                                              ; yes             ; User Verilog HDL File                                 ; C:/Users/joseo/Desktop/Code/ArquitecturaComputadores/ProcesadorMonociclo/Quartus/VGA_Controller_1280x800.v                                                   ;          ;
; ALU_32bits.v                                                                                                                                           ; yes             ; User Verilog HDL File                                 ; C:/Users/joseo/Desktop/Code/ArquitecturaComputadores/ProcesadorMonociclo/Quartus/ALU_32bits.v                                                                ;          ;
; PC_32bit.v                                                                                                                                             ; yes             ; User Verilog HDL File                                 ; C:/Users/joseo/Desktop/Code/ArquitecturaComputadores/ProcesadorMonociclo/Quartus/PC_32bit.v                                                                  ;          ;
; RF24_32bit.v                                                                                                                                           ; yes             ; User Verilog HDL File                                 ; C:/Users/joseo/Desktop/Code/ArquitecturaComputadores/ProcesadorMonociclo/Quartus/RF24_32bit.v                                                                ;          ;
; font_8x16.hex                                                                                                                                          ; yes             ; User Hexadecimal (Intel-Format) File                  ; C:/Users/joseo/Desktop/Code/ArquitecturaComputadores/ProcesadorMonociclo/Quartus/font_8x16.hex                                                               ;          ;
; PM24_32bit.v                                                                                                                                           ; yes             ; User Verilog HDL File                                 ; C:/Users/joseo/Desktop/Code/ArquitecturaComputadores/ProcesadorMonociclo/Quartus/PM24_32bit.v                                                                ;          ;
; Immediate_32bits.v                                                                                                                                     ; yes             ; User Verilog HDL File                                 ; C:/Users/joseo/Desktop/Code/ArquitecturaComputadores/ProcesadorMonociclo/Quartus/Immediate_32bits.v                                                          ;          ;
; Branch_32bit.v                                                                                                                                         ; yes             ; User Verilog HDL File                                 ; C:/Users/joseo/Desktop/Code/ArquitecturaComputadores/ProcesadorMonociclo/Quartus/Branch_32bit.v                                                              ;          ;
; CU_32bits.v                                                                                                                                            ; yes             ; User Verilog HDL File                                 ; C:/Users/joseo/Desktop/Code/ArquitecturaComputadores/ProcesadorMonociclo/Quartus/CU_32bits.v                                                                 ;          ;
; c:/users/joseo/desktop/code/arquitecturacomputadores/procesadormonociclo/quartus/db/ip/vgaclock/submodules/altera_up_avalon_reset_from_locked_signal.v ; yes             ; Auto-Found Verilog HDL File                           ; c:/users/joseo/desktop/code/arquitecturacomputadores/procesadormonociclo/quartus/db/ip/vgaclock/submodules/altera_up_avalon_reset_from_locked_signal.v       ; vgaClock ;
; c:/users/joseo/desktop/code/arquitecturacomputadores/procesadormonociclo/quartus/db/ip/vgaclock/submodules/vgaclock_video_pll_0.v                      ; yes             ; Auto-Found Verilog HDL File                           ; c:/users/joseo/desktop/code/arquitecturacomputadores/procesadormonociclo/quartus/db/ip/vgaclock/submodules/vgaclock_video_pll_0.v                            ; vgaClock ;
; c:/users/joseo/desktop/code/arquitecturacomputadores/procesadormonociclo/quartus/db/ip/vgaclock/submodules/vgaclock_video_pll_0_video_pll.v            ; yes             ; Auto-Found Verilog HDL File                           ; c:/users/joseo/desktop/code/arquitecturacomputadores/procesadormonociclo/quartus/db/ip/vgaclock/submodules/vgaclock_video_pll_0_video_pll.v                  ; vgaClock ;
; c:/users/joseo/desktop/code/arquitecturacomputadores/procesadormonociclo/quartus/db/ip/vgaclock/vgaclock.v                                             ; yes             ; Auto-Found Verilog HDL File                           ; c:/users/joseo/desktop/code/arquitecturacomputadores/procesadormonociclo/quartus/db/ip/vgaclock/vgaclock.v                                                   ; vgaClock ;
; altera_pll.v                                                                                                                                           ; yes             ; Megafunction                                          ; c:/intelfpga_lite/23.1std/quartus/libraries/megafunctions/altera_pll.v                                                                                       ;          ;
; altsyncram.tdf                                                                                                                                         ; yes             ; Megafunction                                          ; c:/intelfpga_lite/23.1std/quartus/libraries/megafunctions/altsyncram.tdf                                                                                     ;          ;
; stratix_ram_block.inc                                                                                                                                  ; yes             ; Megafunction                                          ; c:/intelfpga_lite/23.1std/quartus/libraries/megafunctions/stratix_ram_block.inc                                                                              ;          ;
; lpm_mux.inc                                                                                                                                            ; yes             ; Megafunction                                          ; c:/intelfpga_lite/23.1std/quartus/libraries/megafunctions/lpm_mux.inc                                                                                        ;          ;
; lpm_decode.inc                                                                                                                                         ; yes             ; Megafunction                                          ; c:/intelfpga_lite/23.1std/quartus/libraries/megafunctions/lpm_decode.inc                                                                                     ;          ;
; aglobal231.inc                                                                                                                                         ; yes             ; Megafunction                                          ; c:/intelfpga_lite/23.1std/quartus/libraries/megafunctions/aglobal231.inc                                                                                     ;          ;
; a_rdenreg.inc                                                                                                                                          ; yes             ; Megafunction                                          ; c:/intelfpga_lite/23.1std/quartus/libraries/megafunctions/a_rdenreg.inc                                                                                      ;          ;
; altrom.inc                                                                                                                                             ; yes             ; Megafunction                                          ; c:/intelfpga_lite/23.1std/quartus/libraries/megafunctions/altrom.inc                                                                                         ;          ;
; altram.inc                                                                                                                                             ; yes             ; Megafunction                                          ; c:/intelfpga_lite/23.1std/quartus/libraries/megafunctions/altram.inc                                                                                         ;          ;
; altdpram.inc                                                                                                                                           ; yes             ; Megafunction                                          ; c:/intelfpga_lite/23.1std/quartus/libraries/megafunctions/altdpram.inc                                                                                       ;          ;
; db/altsyncram_grg1.tdf                                                                                                                                 ; yes             ; Auto-Generated Megafunction                           ; C:/Users/joseo/Desktop/Code/ArquitecturaComputadores/ProcesadorMonociclo/Quartus/db/altsyncram_grg1.tdf                                                      ;          ;
; db/procesadormonocicloriscv_vga.ram0_vga_riscv_debug_panel_b715dc34.hdl.mif                                                                            ; yes             ; Auto-Generated Auto-Found Memory Initialization File  ; C:/Users/joseo/Desktop/Code/ArquitecturaComputadores/ProcesadorMonociclo/Quartus/db/procesadormonocicloriscv_vga.ram0_vga_riscv_debug_panel_b715dc34.hdl.mif ;          ;
; lpm_divide.tdf                                                                                                                                         ; yes             ; Megafunction                                          ; c:/intelfpga_lite/23.1std/quartus/libraries/megafunctions/lpm_divide.tdf                                                                                     ;          ;
; abs_divider.inc                                                                                                                                        ; yes             ; Megafunction                                          ; c:/intelfpga_lite/23.1std/quartus/libraries/megafunctions/abs_divider.inc                                                                                    ;          ;
; sign_div_unsign.inc                                                                                                                                    ; yes             ; Megafunction                                          ; c:/intelfpga_lite/23.1std/quartus/libraries/megafunctions/sign_div_unsign.inc                                                                                ;          ;
; db/lpm_divide_52m.tdf                                                                                                                                  ; yes             ; Auto-Generated Megafunction                           ; C:/Users/joseo/Desktop/Code/ArquitecturaComputadores/ProcesadorMonociclo/Quartus/db/lpm_divide_52m.tdf                                                       ;          ;
; db/sign_div_unsign_8kh.tdf                                                                                                                             ; yes             ; Auto-Generated Megafunction                           ; C:/Users/joseo/Desktop/Code/ArquitecturaComputadores/ProcesadorMonociclo/Quartus/db/sign_div_unsign_8kh.tdf                                                  ;          ;
; db/alt_u_div_mse.tdf                                                                                                                                   ; yes             ; Auto-Generated Megafunction                           ; C:/Users/joseo/Desktop/Code/ArquitecturaComputadores/ProcesadorMonociclo/Quartus/db/alt_u_div_mse.tdf                                                        ;          ;
; db/lpm_divide_2am.tdf                                                                                                                                  ; yes             ; Auto-Generated Megafunction                           ; C:/Users/joseo/Desktop/Code/ArquitecturaComputadores/ProcesadorMonociclo/Quartus/db/lpm_divide_2am.tdf                                                       ;          ;
+--------------------------------------------------------------------------------------------------------------------------------------------------------+-----------------+-------------------------------------------------------+--------------------------------------------------------------------------------------------------------------------------------------------------------------+----------+


+---------------------------------------------------------------------------------------------------------------------------------------------------------------------------------------------------------+
; Analysis & Synthesis Resource Usage Summary                                                                                                                                                             ;
+---------------------------------------------+-----------------------------------------------------------------------------------------------------------------------------------------------------------+
; Resource                                    ; Usage                                                                                                                                                     ;
+---------------------------------------------+-----------------------------------------------------------------------------------------------------------------------------------------------------------+
; Estimate of Logic utilization (ALMs needed) ; 149                                                                                                                                                       ;
;                                             ;                                                                                                                                                           ;
; Combinational ALUT usage for logic          ; 244                                                                                                                                                       ;
;     -- 7 input functions                    ; 11                                                                                                                                                        ;
;     -- 6 input functions                    ; 37                                                                                                                                                        ;
;     -- 5 input functions                    ; 28                                                                                                                                                        ;
;     -- 4 input functions                    ; 26                                                                                                                                                        ;
;     -- <=3 input functions                  ; 142                                                                                                                                                       ;
;                                             ;                                                                                                                                                           ;
; Dedicated logic registers                   ; 105                                                                                                                                                       ;
;                                             ;                                                                                                                                                           ;
; I/O pins                                    ; 41                                                                                                                                                        ;
; Total MLAB memory bits                      ; 0                                                                                                                                                         ;
; Total block memory bits                     ; 16384                                                                                                                                                     ;
;                                             ;                                                                                                                                                           ;
; Total DSP Blocks                            ; 0                                                                                                                                                         ;
;                                             ;                                                                                                                                                           ;
; Total PLLs                                  ; 2                                                                                                                                                         ;
;     -- PLLs                                 ; 2                                                                                                                                                         ;
;                                             ;                                                                                                                                                           ;
; Maximum fan-out node                        ; clock1280x800:vga_clock_gen|vgaClock:clk|vgaClock_video_pll_0:video_pll_0|vgaClock_video_pll_0_video_pll:video_pll|altera_pll:altera_pll_i|outclk_wire[1] ;
; Maximum fan-out                             ; 84                                                                                                                                                        ;
; Total fan-out                               ; 1397                                                                                                                                                      ;
; Average fan-out                             ; 3.17                                                                                                                                                      ;
+---------------------------------------------+-----------------------------------------------------------------------------------------------------------------------------------------------------------+


+----------------------------------------------------------------------------------------------------------------------------------------------------------------------------------------------------------------------------------------------------------------------------------------------------------------------------------------------------------------------------------------------+
; Analysis & Synthesis Resource Utilization by Entity                                                                                                                                                                                                                                                                                                                                          ;
+--------------------------------------------------------+---------------------+---------------------------+-------------------+------------+------+--------------+----------------------------------------------------------------------------------------------------------------------------------------------------------------------------+--------------------------------+--------------+
; Compilation Hierarchy Node                             ; Combinational ALUTs ; Dedicated Logic Registers ; Block Memory Bits ; DSP Blocks ; Pins ; Virtual Pins ; Full Hierarchy Name                                                                                                                                                        ; Entity Name                    ; Library Name ;
+--------------------------------------------------------+---------------------+---------------------------+-------------------+------------+------+--------------+----------------------------------------------------------------------------------------------------------------------------------------------------------------------------+--------------------------------+--------------+
; |ProcesadorMonociclo_32bits_VGA                        ; 244 (60)            ; 105 (0)                   ; 16384             ; 0          ; 41   ; 0            ; |ProcesadorMonociclo_32bits_VGA                                                                                                                                            ; ProcesadorMonociclo_32bits_VGA ; work         ;
;    |Immediate_32bits:imm_gen|                          ; 2 (2)               ; 0 (0)                     ; 0                 ; 0          ; 0    ; 0            ; |ProcesadorMonociclo_32bits_VGA|Immediate_32bits:imm_gen                                                                                                                   ; Immediate_32bits               ; work         ;
;    |PC_32bit:program_counter|                          ; 0 (0)               ; 30 (30)                   ; 0                 ; 0          ; 0    ; 0            ; |ProcesadorMonociclo_32bits_VGA|PC_32bit:program_counter                                                                                                                   ; PC_32bit                       ; work         ;
;    |PM24_32bit:program_memory|                         ; 5 (5)               ; 0 (0)                     ; 0                 ; 0          ; 0    ; 0            ; |ProcesadorMonociclo_32bits_VGA|PM24_32bit:program_memory                                                                                                                  ; PM24_32bit                     ; work         ;
;    |VGA_RISCV_Debug_Panel:vga_display|                 ; 145 (112)           ; 54 (54)                   ; 16384             ; 0          ; 0    ; 0            ; |ProcesadorMonociclo_32bits_VGA|VGA_RISCV_Debug_Panel:vga_display                                                                                                          ; VGA_RISCV_Debug_Panel          ; work         ;
;       |altsyncram:font_rom_rtl_0|                      ; 0 (0)               ; 0 (0)                     ; 16384             ; 0          ; 0    ; 0            ; |ProcesadorMonociclo_32bits_VGA|VGA_RISCV_Debug_Panel:vga_display|altsyncram:font_rom_rtl_0                                                                                ; altsyncram                     ; work         ;
;          |altsyncram_grg1:auto_generated|              ; 0 (0)               ; 0 (0)                     ; 16384             ; 0          ; 0    ; 0            ; |ProcesadorMonociclo_32bits_VGA|VGA_RISCV_Debug_Panel:vga_display|altsyncram:font_rom_rtl_0|altsyncram_grg1:auto_generated                                                 ; altsyncram_grg1                ; work         ;
;       |lpm_divide:Div0|                                ; 15 (0)              ; 0 (0)                     ; 0                 ; 0          ; 0    ; 0            ; |ProcesadorMonociclo_32bits_VGA|VGA_RISCV_Debug_Panel:vga_display|lpm_divide:Div0                                                                                          ; lpm_divide                     ; work         ;
;          |lpm_divide_2am:auto_generated|               ; 15 (0)              ; 0 (0)                     ; 0                 ; 0          ; 0    ; 0            ; |ProcesadorMonociclo_32bits_VGA|VGA_RISCV_Debug_Panel:vga_display|lpm_divide:Div0|lpm_divide_2am:auto_generated                                                            ; lpm_divide_2am                 ; work         ;
;             |sign_div_unsign_8kh:divider|              ; 15 (0)              ; 0 (0)                     ; 0                 ; 0          ; 0    ; 0            ; |ProcesadorMonociclo_32bits_VGA|VGA_RISCV_Debug_Panel:vga_display|lpm_divide:Div0|lpm_divide_2am:auto_generated|sign_div_unsign_8kh:divider                                ; sign_div_unsign_8kh            ; work         ;
;                |alt_u_div_mse:divider|                 ; 15 (15)             ; 0 (0)                     ; 0                 ; 0          ; 0    ; 0            ; |ProcesadorMonociclo_32bits_VGA|VGA_RISCV_Debug_Panel:vga_display|lpm_divide:Div0|lpm_divide_2am:auto_generated|sign_div_unsign_8kh:divider|alt_u_div_mse:divider          ; alt_u_div_mse                  ; work         ;
;       |lpm_divide:Mod0|                                ; 18 (0)              ; 0 (0)                     ; 0                 ; 0          ; 0    ; 0            ; |ProcesadorMonociclo_32bits_VGA|VGA_RISCV_Debug_Panel:vga_display|lpm_divide:Mod0                                                                                          ; lpm_divide                     ; work         ;
;          |lpm_divide_52m:auto_generated|               ; 18 (0)              ; 0 (0)                     ; 0                 ; 0          ; 0    ; 0            ; |ProcesadorMonociclo_32bits_VGA|VGA_RISCV_Debug_Panel:vga_display|lpm_divide:Mod0|lpm_divide_52m:auto_generated                                                            ; lpm_divide_52m                 ; work         ;
;             |sign_div_unsign_8kh:divider|              ; 18 (0)              ; 0 (0)                     ; 0                 ; 0          ; 0    ; 0            ; |ProcesadorMonociclo_32bits_VGA|VGA_RISCV_Debug_Panel:vga_display|lpm_divide:Mod0|lpm_divide_52m:auto_generated|sign_div_unsign_8kh:divider                                ; sign_div_unsign_8kh            ; work         ;
;                |alt_u_div_mse:divider|                 ; 18 (18)             ; 0 (0)                     ; 0                 ; 0          ; 0    ; 0            ; |ProcesadorMonociclo_32bits_VGA|VGA_RISCV_Debug_Panel:vga_display|lpm_divide:Mod0|lpm_divide_52m:auto_generated|sign_div_unsign_8kh:divider|alt_u_div_mse:divider          ; alt_u_div_mse                  ; work         ;
;    |clock1280x800:vga_clock_gen|                       ; 0 (0)               ; 0 (0)                     ; 0                 ; 0          ; 0    ; 0            ; |ProcesadorMonociclo_32bits_VGA|clock1280x800:vga_clock_gen                                                                                                                ; clock1280x800                  ; work         ;
;       |vgaClock:clk|                                   ; 0 (0)               ; 0 (0)                     ; 0                 ; 0          ; 0    ; 0            ; |ProcesadorMonociclo_32bits_VGA|clock1280x800:vga_clock_gen|vgaClock:clk                                                                                                   ; vgaClock                       ; vgaClock     ;
;          |vgaClock_video_pll_0:video_pll_0|            ; 0 (0)               ; 0 (0)                     ; 0                 ; 0          ; 0    ; 0            ; |ProcesadorMonociclo_32bits_VGA|clock1280x800:vga_clock_gen|vgaClock:clk|vgaClock_video_pll_0:video_pll_0                                                                  ; vgaClock_video_pll_0           ; vgaClock     ;
;             |vgaClock_video_pll_0_video_pll:video_pll| ; 0 (0)               ; 0 (0)                     ; 0                 ; 0          ; 0    ; 0            ; |ProcesadorMonociclo_32bits_VGA|clock1280x800:vga_clock_gen|vgaClock:clk|vgaClock_video_pll_0:video_pll_0|vgaClock_video_pll_0_video_pll:video_pll                         ; vgaClock_video_pll_0_video_pll ; vgaClock     ;
;                |altera_pll:altera_pll_i|               ; 0 (0)               ; 0 (0)                     ; 0                 ; 0          ; 0    ; 0            ; |ProcesadorMonociclo_32bits_VGA|clock1280x800:vga_clock_gen|vgaClock:clk|vgaClock_video_pll_0:video_pll_0|vgaClock_video_pll_0_video_pll:video_pll|altera_pll:altera_pll_i ; altera_pll                     ; work         ;
;    |vga_controller_1280x800:vga_ctrl|                  ; 32 (32)             ; 21 (21)                   ; 0                 ; 0          ; 0    ; 0            ; |ProcesadorMonociclo_32bits_VGA|vga_controller_1280x800:vga_ctrl                                                                                                           ; vga_controller_1280x800        ; work         ;
+--------------------------------------------------------+---------------------+---------------------------+-------------------+------------+------+--------------+----------------------------------------------------------------------------------------------------------------------------------------------------------------------------+--------------------------------+--------------+
Note: For table entries with two numbers listed, the numbers in parentheses indicate the number of resources of the given type used by the specific entity alone. The numbers listed outside of parentheses indicate the total resources of the given type used by the specific entity and all of its sub-entities in the hierarchy.


+-----------------------------------------------------------------------------------------------------------------------------------------------------------------------------------------------------------------------------------------------------------------------+
; Analysis & Synthesis RAM Summary                                                                                                                                                                                                                                      ;
+-------------------------------------------------------------------------------------------------------+------+------+--------------+--------------+--------------+--------------+-------+-----------------------------------------------------------------------------+
; Name                                                                                                  ; Type ; Mode ; Port A Depth ; Port A Width ; Port B Depth ; Port B Width ; Size  ; MIF                                                                         ;
+-------------------------------------------------------------------------------------------------------+------+------+--------------+--------------+--------------+--------------+-------+-----------------------------------------------------------------------------+
; VGA_RISCV_Debug_Panel:vga_display|altsyncram:font_rom_rtl_0|altsyncram_grg1:auto_generated|ALTSYNCRAM ; AUTO ; ROM  ; 2048         ; 8            ; --           ; --           ; 16384 ; db/ProcesadorMonocicloRISCV_VGA.ram0_VGA_RISCV_Debug_Panel_b715dc34.hdl.mif ;
+-------------------------------------------------------------------------------------------------------+------+------+--------------+--------------+--------------+--------------+-------+-----------------------------------------------------------------------------+


+---------------------------------------------------------------------------------------------------------------------------------------------------------------------------------------------------------------------------------------------+
; Analysis & Synthesis IP Cores Summary                                                                                                                                                                                                       ;
+--------+--------------+---------+--------------+--------------+--------------------------------------------------------------------------+--------------------------------------------------------------------------------------------------+
; Vendor ; IP Core Name ; Version ; Release Date ; License Type ; Entity Instance                                                          ; IP Include File                                                                                  ;
+--------+--------------+---------+--------------+--------------+--------------------------------------------------------------------------+--------------------------------------------------------------------------------------------------+
; N/A    ; altera_pll   ; 23.1    ; N/A          ; N/A          ; |ProcesadorMonociclo_32bits_VGA|clock1280x800:vga_clock_gen|vgaClock:clk ; C:/Users/joseo/Desktop/Code/ArquitecturaComputadores/ProcesadorMonociclo/CodigoVGA/vgaClock.qsys ;
+--------+--------------+---------+--------------+--------------+--------------------------------------------------------------------------+--------------------------------------------------------------------------------------------------+


+--------------------------------------------------------------------------------------------------------------------+
; Registers Removed During Synthesis                                                                                 ;
+----------------------------------------------------------------------+---------------------------------------------+
; Register name                                                        ; Reason for Removal                          ;
+----------------------------------------------------------------------+---------------------------------------------+
; RF24_32bit:register_file|register_file[23][0]                        ; Stuck at GND due to stuck port clock_enable ;
; RF24_32bit:register_file|register_file[23][1]                        ; Stuck at GND due to stuck port clock_enable ;
; RF24_32bit:register_file|register_file[23][2]                        ; Stuck at GND due to stuck port clock_enable ;
; RF24_32bit:register_file|register_file[23][3]                        ; Stuck at GND due to stuck port clock_enable ;
; RF24_32bit:register_file|register_file[23][4]                        ; Stuck at GND due to stuck port clock_enable ;
; RF24_32bit:register_file|register_file[23][5]                        ; Stuck at GND due to stuck port clock_enable ;
; RF24_32bit:register_file|register_file[23][6]                        ; Stuck at GND due to stuck port clock_enable ;
; RF24_32bit:register_file|register_file[23][7]                        ; Stuck at GND due to stuck port clock_enable ;
; RF24_32bit:register_file|register_file[23][8]                        ; Stuck at GND due to stuck port clock_enable ;
; RF24_32bit:register_file|register_file[23][9]                        ; Stuck at GND due to stuck port clock_enable ;
; RF24_32bit:register_file|register_file[23][10]                       ; Stuck at GND due to stuck port clock_enable ;
; RF24_32bit:register_file|register_file[23][11]                       ; Stuck at GND due to stuck port clock_enable ;
; RF24_32bit:register_file|register_file[23][12]                       ; Stuck at GND due to stuck port clock_enable ;
; RF24_32bit:register_file|register_file[23][13]                       ; Stuck at GND due to stuck port clock_enable ;
; RF24_32bit:register_file|register_file[23][14]                       ; Stuck at GND due to stuck port clock_enable ;
; RF24_32bit:register_file|register_file[23][15]                       ; Stuck at GND due to stuck port clock_enable ;
; RF24_32bit:register_file|register_file[23][16]                       ; Stuck at GND due to stuck port clock_enable ;
; RF24_32bit:register_file|register_file[23][17]                       ; Stuck at GND due to stuck port clock_enable ;
; RF24_32bit:register_file|register_file[23][18]                       ; Stuck at GND due to stuck port clock_enable ;
; RF24_32bit:register_file|register_file[23][19]                       ; Stuck at GND due to stuck port clock_enable ;
; RF24_32bit:register_file|register_file[23][20]                       ; Stuck at GND due to stuck port clock_enable ;
; RF24_32bit:register_file|register_file[23][21]                       ; Stuck at GND due to stuck port clock_enable ;
; RF24_32bit:register_file|register_file[23][22]                       ; Stuck at GND due to stuck port clock_enable ;
; RF24_32bit:register_file|register_file[23][23]                       ; Stuck at GND due to stuck port clock_enable ;
; RF24_32bit:register_file|register_file[23][24]                       ; Stuck at GND due to stuck port clock_enable ;
; RF24_32bit:register_file|register_file[23][25]                       ; Stuck at GND due to stuck port clock_enable ;
; RF24_32bit:register_file|register_file[23][26]                       ; Stuck at GND due to stuck port clock_enable ;
; RF24_32bit:register_file|register_file[23][27]                       ; Stuck at GND due to stuck port clock_enable ;
; RF24_32bit:register_file|register_file[23][28]                       ; Stuck at GND due to stuck port clock_enable ;
; RF24_32bit:register_file|register_file[23][29]                       ; Stuck at GND due to stuck port clock_enable ;
; RF24_32bit:register_file|register_file[23][30]                       ; Stuck at GND due to stuck port clock_enable ;
; RF24_32bit:register_file|register_file[23][31]                       ; Stuck at GND due to stuck port clock_enable ;
; RF24_32bit:register_file|register_file[22][0]                        ; Stuck at GND due to stuck port clock_enable ;
; RF24_32bit:register_file|register_file[22][1]                        ; Stuck at GND due to stuck port clock_enable ;
; RF24_32bit:register_file|register_file[22][2]                        ; Stuck at GND due to stuck port clock_enable ;
; RF24_32bit:register_file|register_file[22][3]                        ; Stuck at GND due to stuck port clock_enable ;
; RF24_32bit:register_file|register_file[22][4]                        ; Stuck at GND due to stuck port clock_enable ;
; RF24_32bit:register_file|register_file[22][5]                        ; Stuck at GND due to stuck port clock_enable ;
; RF24_32bit:register_file|register_file[22][6]                        ; Stuck at GND due to stuck port clock_enable ;
; RF24_32bit:register_file|register_file[22][7]                        ; Stuck at GND due to stuck port clock_enable ;
; RF24_32bit:register_file|register_file[22][8]                        ; Stuck at GND due to stuck port clock_enable ;
; RF24_32bit:register_file|register_file[22][9]                        ; Stuck at GND due to stuck port clock_enable ;
; RF24_32bit:register_file|register_file[22][10]                       ; Stuck at GND due to stuck port clock_enable ;
; RF24_32bit:register_file|register_file[22][11]                       ; Stuck at GND due to stuck port clock_enable ;
; RF24_32bit:register_file|register_file[22][12]                       ; Stuck at GND due to stuck port clock_enable ;
; RF24_32bit:register_file|register_file[22][13]                       ; Stuck at GND due to stuck port clock_enable ;
; RF24_32bit:register_file|register_file[22][14]                       ; Stuck at GND due to stuck port clock_enable ;
; RF24_32bit:register_file|register_file[22][15]                       ; Stuck at GND due to stuck port clock_enable ;
; RF24_32bit:register_file|register_file[22][16]                       ; Stuck at GND due to stuck port clock_enable ;
; RF24_32bit:register_file|register_file[22][17]                       ; Stuck at GND due to stuck port clock_enable ;
; RF24_32bit:register_file|register_file[22][18]                       ; Stuck at GND due to stuck port clock_enable ;
; RF24_32bit:register_file|register_file[22][19]                       ; Stuck at GND due to stuck port clock_enable ;
; RF24_32bit:register_file|register_file[22][20]                       ; Stuck at GND due to stuck port clock_enable ;
; RF24_32bit:register_file|register_file[22][21]                       ; Stuck at GND due to stuck port clock_enable ;
; RF24_32bit:register_file|register_file[22][22]                       ; Stuck at GND due to stuck port clock_enable ;
; RF24_32bit:register_file|register_file[22][23]                       ; Stuck at GND due to stuck port clock_enable ;
; RF24_32bit:register_file|register_file[22][24]                       ; Stuck at GND due to stuck port clock_enable ;
; RF24_32bit:register_file|register_file[22][25]                       ; Stuck at GND due to stuck port clock_enable ;
; RF24_32bit:register_file|register_file[22][26]                       ; Stuck at GND due to stuck port clock_enable ;
; RF24_32bit:register_file|register_file[22][27]                       ; Stuck at GND due to stuck port clock_enable ;
; RF24_32bit:register_file|register_file[22][28]                       ; Stuck at GND due to stuck port clock_enable ;
; RF24_32bit:register_file|register_file[22][29]                       ; Stuck at GND due to stuck port clock_enable ;
; RF24_32bit:register_file|register_file[22][30]                       ; Stuck at GND due to stuck port clock_enable ;
; RF24_32bit:register_file|register_file[22][31]                       ; Stuck at GND due to stuck port clock_enable ;
; RF24_32bit:register_file|register_file[21][0]                        ; Stuck at GND due to stuck port clock_enable ;
; RF24_32bit:register_file|register_file[21][1]                        ; Stuck at GND due to stuck port clock_enable ;
; RF24_32bit:register_file|register_file[21][2]                        ; Stuck at GND due to stuck port clock_enable ;
; RF24_32bit:register_file|register_file[21][3]                        ; Stuck at GND due to stuck port clock_enable ;
; RF24_32bit:register_file|register_file[21][4]                        ; Stuck at GND due to stuck port clock_enable ;
; RF24_32bit:register_file|register_file[21][5]                        ; Stuck at GND due to stuck port clock_enable ;
; RF24_32bit:register_file|register_file[21][6]                        ; Stuck at GND due to stuck port clock_enable ;
; RF24_32bit:register_file|register_file[21][7]                        ; Stuck at GND due to stuck port clock_enable ;
; RF24_32bit:register_file|register_file[21][8]                        ; Stuck at GND due to stuck port clock_enable ;
; RF24_32bit:register_file|register_file[21][9]                        ; Stuck at GND due to stuck port clock_enable ;
; RF24_32bit:register_file|register_file[21][10]                       ; Stuck at GND due to stuck port clock_enable ;
; RF24_32bit:register_file|register_file[21][11]                       ; Stuck at GND due to stuck port clock_enable ;
; RF24_32bit:register_file|register_file[21][12]                       ; Stuck at GND due to stuck port clock_enable ;
; RF24_32bit:register_file|register_file[21][13]                       ; Stuck at GND due to stuck port clock_enable ;
; RF24_32bit:register_file|register_file[21][14]                       ; Stuck at GND due to stuck port clock_enable ;
; RF24_32bit:register_file|register_file[21][15]                       ; Stuck at GND due to stuck port clock_enable ;
; RF24_32bit:register_file|register_file[21][16]                       ; Stuck at GND due to stuck port clock_enable ;
; RF24_32bit:register_file|register_file[21][17]                       ; Stuck at GND due to stuck port clock_enable ;
; RF24_32bit:register_file|register_file[21][18]                       ; Stuck at GND due to stuck port clock_enable ;
; RF24_32bit:register_file|register_file[21][19]                       ; Stuck at GND due to stuck port clock_enable ;
; RF24_32bit:register_file|register_file[21][20]                       ; Stuck at GND due to stuck port clock_enable ;
; RF24_32bit:register_file|register_file[21][21]                       ; Stuck at GND due to stuck port clock_enable ;
; RF24_32bit:register_file|register_file[21][22]                       ; Stuck at GND due to stuck port clock_enable ;
; RF24_32bit:register_file|register_file[21][23]                       ; Stuck at GND due to stuck port clock_enable ;
; RF24_32bit:register_file|register_file[21][24]                       ; Stuck at GND due to stuck port clock_enable ;
; RF24_32bit:register_file|register_file[21][25]                       ; Stuck at GND due to stuck port clock_enable ;
; RF24_32bit:register_file|register_file[21][26]                       ; Stuck at GND due to stuck port clock_enable ;
; RF24_32bit:register_file|register_file[21][27]                       ; Stuck at GND due to stuck port clock_enable ;
; RF24_32bit:register_file|register_file[21][28]                       ; Stuck at GND due to stuck port clock_enable ;
; RF24_32bit:register_file|register_file[21][29]                       ; Stuck at GND due to stuck port clock_enable ;
; RF24_32bit:register_file|register_file[21][30]                       ; Stuck at GND due to stuck port clock_enable ;
; RF24_32bit:register_file|register_file[21][31]                       ; Stuck at GND due to stuck port clock_enable ;
; RF24_32bit:register_file|register_file[20][0]                        ; Stuck at GND due to stuck port clock_enable ;
; RF24_32bit:register_file|register_file[20][1]                        ; Stuck at GND due to stuck port clock_enable ;
; RF24_32bit:register_file|register_file[20][2]                        ; Stuck at GND due to stuck port clock_enable ;
; RF24_32bit:register_file|register_file[20][3]                        ; Stuck at GND due to stuck port clock_enable ;
; RF24_32bit:register_file|register_file[20][4]                        ; Stuck at GND due to stuck port clock_enable ;
; RF24_32bit:register_file|register_file[20][5]                        ; Stuck at GND due to stuck port clock_enable ;
; RF24_32bit:register_file|register_file[20][6]                        ; Stuck at GND due to stuck port clock_enable ;
; RF24_32bit:register_file|register_file[20][7]                        ; Stuck at GND due to stuck port clock_enable ;
; RF24_32bit:register_file|register_file[20][8]                        ; Stuck at GND due to stuck port clock_enable ;
; RF24_32bit:register_file|register_file[20][9]                        ; Stuck at GND due to stuck port clock_enable ;
; RF24_32bit:register_file|register_file[20][10]                       ; Stuck at GND due to stuck port clock_enable ;
; RF24_32bit:register_file|register_file[20][11]                       ; Stuck at GND due to stuck port clock_enable ;
; RF24_32bit:register_file|register_file[20][12]                       ; Stuck at GND due to stuck port clock_enable ;
; RF24_32bit:register_file|register_file[20][13]                       ; Stuck at GND due to stuck port clock_enable ;
; RF24_32bit:register_file|register_file[20][14]                       ; Stuck at GND due to stuck port clock_enable ;
; RF24_32bit:register_file|register_file[20][15]                       ; Stuck at GND due to stuck port clock_enable ;
; RF24_32bit:register_file|register_file[20][16]                       ; Stuck at GND due to stuck port clock_enable ;
; RF24_32bit:register_file|register_file[20][17]                       ; Stuck at GND due to stuck port clock_enable ;
; RF24_32bit:register_file|register_file[20][18]                       ; Stuck at GND due to stuck port clock_enable ;
; RF24_32bit:register_file|register_file[20][19]                       ; Stuck at GND due to stuck port clock_enable ;
; RF24_32bit:register_file|register_file[20][20]                       ; Stuck at GND due to stuck port clock_enable ;
; RF24_32bit:register_file|register_file[20][21]                       ; Stuck at GND due to stuck port clock_enable ;
; RF24_32bit:register_file|register_file[20][22]                       ; Stuck at GND due to stuck port clock_enable ;
; RF24_32bit:register_file|register_file[20][23]                       ; Stuck at GND due to stuck port clock_enable ;
; RF24_32bit:register_file|register_file[20][24]                       ; Stuck at GND due to stuck port clock_enable ;
; RF24_32bit:register_file|register_file[20][25]                       ; Stuck at GND due to stuck port clock_enable ;
; RF24_32bit:register_file|register_file[20][26]                       ; Stuck at GND due to stuck port clock_enable ;
; RF24_32bit:register_file|register_file[20][27]                       ; Stuck at GND due to stuck port clock_enable ;
; RF24_32bit:register_file|register_file[20][28]                       ; Stuck at GND due to stuck port clock_enable ;
; RF24_32bit:register_file|register_file[20][29]                       ; Stuck at GND due to stuck port clock_enable ;
; RF24_32bit:register_file|register_file[20][30]                       ; Stuck at GND due to stuck port clock_enable ;
; RF24_32bit:register_file|register_file[20][31]                       ; Stuck at GND due to stuck port clock_enable ;
; RF24_32bit:register_file|register_file[19][0]                        ; Stuck at GND due to stuck port clock_enable ;
; RF24_32bit:register_file|register_file[19][1]                        ; Stuck at GND due to stuck port clock_enable ;
; RF24_32bit:register_file|register_file[19][2]                        ; Stuck at GND due to stuck port clock_enable ;
; RF24_32bit:register_file|register_file[19][3]                        ; Stuck at GND due to stuck port clock_enable ;
; RF24_32bit:register_file|register_file[19][4]                        ; Stuck at GND due to stuck port clock_enable ;
; RF24_32bit:register_file|register_file[19][5]                        ; Stuck at GND due to stuck port clock_enable ;
; RF24_32bit:register_file|register_file[19][6]                        ; Stuck at GND due to stuck port clock_enable ;
; RF24_32bit:register_file|register_file[19][7]                        ; Stuck at GND due to stuck port clock_enable ;
; RF24_32bit:register_file|register_file[19][8]                        ; Stuck at GND due to stuck port clock_enable ;
; RF24_32bit:register_file|register_file[19][9]                        ; Stuck at GND due to stuck port clock_enable ;
; RF24_32bit:register_file|register_file[19][10]                       ; Stuck at GND due to stuck port clock_enable ;
; RF24_32bit:register_file|register_file[19][11]                       ; Stuck at GND due to stuck port clock_enable ;
; RF24_32bit:register_file|register_file[19][12]                       ; Stuck at GND due to stuck port clock_enable ;
; RF24_32bit:register_file|register_file[19][13]                       ; Stuck at GND due to stuck port clock_enable ;
; RF24_32bit:register_file|register_file[19][14]                       ; Stuck at GND due to stuck port clock_enable ;
; RF24_32bit:register_file|register_file[19][15]                       ; Stuck at GND due to stuck port clock_enable ;
; RF24_32bit:register_file|register_file[19][16]                       ; Stuck at GND due to stuck port clock_enable ;
; RF24_32bit:register_file|register_file[19][17]                       ; Stuck at GND due to stuck port clock_enable ;
; RF24_32bit:register_file|register_file[19][18]                       ; Stuck at GND due to stuck port clock_enable ;
; RF24_32bit:register_file|register_file[19][19]                       ; Stuck at GND due to stuck port clock_enable ;
; RF24_32bit:register_file|register_file[19][20]                       ; Stuck at GND due to stuck port clock_enable ;
; RF24_32bit:register_file|register_file[19][21]                       ; Stuck at GND due to stuck port clock_enable ;
; RF24_32bit:register_file|register_file[19][22]                       ; Stuck at GND due to stuck port clock_enable ;
; RF24_32bit:register_file|register_file[19][23]                       ; Stuck at GND due to stuck port clock_enable ;
; RF24_32bit:register_file|register_file[19][24]                       ; Stuck at GND due to stuck port clock_enable ;
; RF24_32bit:register_file|register_file[19][25]                       ; Stuck at GND due to stuck port clock_enable ;
; RF24_32bit:register_file|register_file[19][26]                       ; Stuck at GND due to stuck port clock_enable ;
; RF24_32bit:register_file|register_file[19][27]                       ; Stuck at GND due to stuck port clock_enable ;
; RF24_32bit:register_file|register_file[19][28]                       ; Stuck at GND due to stuck port clock_enable ;
; RF24_32bit:register_file|register_file[19][29]                       ; Stuck at GND due to stuck port clock_enable ;
; RF24_32bit:register_file|register_file[19][30]                       ; Stuck at GND due to stuck port clock_enable ;
; RF24_32bit:register_file|register_file[19][31]                       ; Stuck at GND due to stuck port clock_enable ;
; RF24_32bit:register_file|register_file[18][0]                        ; Stuck at GND due to stuck port clock_enable ;
; RF24_32bit:register_file|register_file[18][1]                        ; Stuck at GND due to stuck port clock_enable ;
; RF24_32bit:register_file|register_file[18][2]                        ; Stuck at GND due to stuck port clock_enable ;
; RF24_32bit:register_file|register_file[18][3]                        ; Stuck at GND due to stuck port clock_enable ;
; RF24_32bit:register_file|register_file[18][4]                        ; Stuck at GND due to stuck port clock_enable ;
; RF24_32bit:register_file|register_file[18][5]                        ; Stuck at GND due to stuck port clock_enable ;
; RF24_32bit:register_file|register_file[18][6]                        ; Stuck at GND due to stuck port clock_enable ;
; RF24_32bit:register_file|register_file[18][7]                        ; Stuck at GND due to stuck port clock_enable ;
; RF24_32bit:register_file|register_file[18][8]                        ; Stuck at GND due to stuck port clock_enable ;
; RF24_32bit:register_file|register_file[18][9]                        ; Stuck at GND due to stuck port clock_enable ;
; RF24_32bit:register_file|register_file[18][10]                       ; Stuck at GND due to stuck port clock_enable ;
; RF24_32bit:register_file|register_file[18][11]                       ; Stuck at GND due to stuck port clock_enable ;
; RF24_32bit:register_file|register_file[18][12]                       ; Stuck at GND due to stuck port clock_enable ;
; RF24_32bit:register_file|register_file[18][13]                       ; Stuck at GND due to stuck port clock_enable ;
; RF24_32bit:register_file|register_file[18][14]                       ; Stuck at GND due to stuck port clock_enable ;
; RF24_32bit:register_file|register_file[18][15]                       ; Stuck at GND due to stuck port clock_enable ;
; RF24_32bit:register_file|register_file[18][16]                       ; Stuck at GND due to stuck port clock_enable ;
; RF24_32bit:register_file|register_file[18][17]                       ; Stuck at GND due to stuck port clock_enable ;
; RF24_32bit:register_file|register_file[18][18]                       ; Stuck at GND due to stuck port clock_enable ;
; RF24_32bit:register_file|register_file[18][19]                       ; Stuck at GND due to stuck port clock_enable ;
; RF24_32bit:register_file|register_file[18][20]                       ; Stuck at GND due to stuck port clock_enable ;
; RF24_32bit:register_file|register_file[18][21]                       ; Stuck at GND due to stuck port clock_enable ;
; RF24_32bit:register_file|register_file[18][22]                       ; Stuck at GND due to stuck port clock_enable ;
; RF24_32bit:register_file|register_file[18][23]                       ; Stuck at GND due to stuck port clock_enable ;
; RF24_32bit:register_file|register_file[18][24]                       ; Stuck at GND due to stuck port clock_enable ;
; RF24_32bit:register_file|register_file[18][25]                       ; Stuck at GND due to stuck port clock_enable ;
; RF24_32bit:register_file|register_file[18][26]                       ; Stuck at GND due to stuck port clock_enable ;
; RF24_32bit:register_file|register_file[18][27]                       ; Stuck at GND due to stuck port clock_enable ;
; RF24_32bit:register_file|register_file[18][28]                       ; Stuck at GND due to stuck port clock_enable ;
; RF24_32bit:register_file|register_file[18][29]                       ; Stuck at GND due to stuck port clock_enable ;
; RF24_32bit:register_file|register_file[18][30]                       ; Stuck at GND due to stuck port clock_enable ;
; RF24_32bit:register_file|register_file[18][31]                       ; Stuck at GND due to stuck port clock_enable ;
; RF24_32bit:register_file|register_file[17][0]                        ; Stuck at GND due to stuck port clock_enable ;
; RF24_32bit:register_file|register_file[17][1]                        ; Stuck at GND due to stuck port clock_enable ;
; RF24_32bit:register_file|register_file[17][2]                        ; Stuck at GND due to stuck port clock_enable ;
; RF24_32bit:register_file|register_file[17][3]                        ; Stuck at GND due to stuck port clock_enable ;
; RF24_32bit:register_file|register_file[17][4]                        ; Stuck at GND due to stuck port clock_enable ;
; RF24_32bit:register_file|register_file[17][5]                        ; Stuck at GND due to stuck port clock_enable ;
; RF24_32bit:register_file|register_file[17][6]                        ; Stuck at GND due to stuck port clock_enable ;
; RF24_32bit:register_file|register_file[17][7]                        ; Stuck at GND due to stuck port clock_enable ;
; RF24_32bit:register_file|register_file[17][8]                        ; Stuck at GND due to stuck port clock_enable ;
; RF24_32bit:register_file|register_file[17][9]                        ; Stuck at GND due to stuck port clock_enable ;
; RF24_32bit:register_file|register_file[17][10]                       ; Stuck at GND due to stuck port clock_enable ;
; RF24_32bit:register_file|register_file[17][11]                       ; Stuck at GND due to stuck port clock_enable ;
; RF24_32bit:register_file|register_file[17][12]                       ; Stuck at GND due to stuck port clock_enable ;
; RF24_32bit:register_file|register_file[17][13]                       ; Stuck at GND due to stuck port clock_enable ;
; RF24_32bit:register_file|register_file[17][14]                       ; Stuck at GND due to stuck port clock_enable ;
; RF24_32bit:register_file|register_file[17][15]                       ; Stuck at GND due to stuck port clock_enable ;
; RF24_32bit:register_file|register_file[17][16]                       ; Stuck at GND due to stuck port clock_enable ;
; RF24_32bit:register_file|register_file[17][17]                       ; Stuck at GND due to stuck port clock_enable ;
; RF24_32bit:register_file|register_file[17][18]                       ; Stuck at GND due to stuck port clock_enable ;
; RF24_32bit:register_file|register_file[17][19]                       ; Stuck at GND due to stuck port clock_enable ;
; RF24_32bit:register_file|register_file[17][20]                       ; Stuck at GND due to stuck port clock_enable ;
; RF24_32bit:register_file|register_file[17][21]                       ; Stuck at GND due to stuck port clock_enable ;
; RF24_32bit:register_file|register_file[17][22]                       ; Stuck at GND due to stuck port clock_enable ;
; RF24_32bit:register_file|register_file[17][23]                       ; Stuck at GND due to stuck port clock_enable ;
; RF24_32bit:register_file|register_file[17][24]                       ; Stuck at GND due to stuck port clock_enable ;
; RF24_32bit:register_file|register_file[17][25]                       ; Stuck at GND due to stuck port clock_enable ;
; RF24_32bit:register_file|register_file[17][26]                       ; Stuck at GND due to stuck port clock_enable ;
; RF24_32bit:register_file|register_file[17][27]                       ; Stuck at GND due to stuck port clock_enable ;
; RF24_32bit:register_file|register_file[17][28]                       ; Stuck at GND due to stuck port clock_enable ;
; RF24_32bit:register_file|register_file[17][29]                       ; Stuck at GND due to stuck port clock_enable ;
; RF24_32bit:register_file|register_file[17][30]                       ; Stuck at GND due to stuck port clock_enable ;
; RF24_32bit:register_file|register_file[17][31]                       ; Stuck at GND due to stuck port clock_enable ;
; RF24_32bit:register_file|register_file[16][0]                        ; Stuck at GND due to stuck port clock_enable ;
; RF24_32bit:register_file|register_file[16][1]                        ; Stuck at GND due to stuck port clock_enable ;
; RF24_32bit:register_file|register_file[16][2]                        ; Stuck at GND due to stuck port clock_enable ;
; RF24_32bit:register_file|register_file[16][3]                        ; Stuck at GND due to stuck port clock_enable ;
; RF24_32bit:register_file|register_file[16][4]                        ; Stuck at GND due to stuck port clock_enable ;
; RF24_32bit:register_file|register_file[16][5]                        ; Stuck at GND due to stuck port clock_enable ;
; RF24_32bit:register_file|register_file[16][6]                        ; Stuck at GND due to stuck port clock_enable ;
; RF24_32bit:register_file|register_file[16][7]                        ; Stuck at GND due to stuck port clock_enable ;
; RF24_32bit:register_file|register_file[16][8]                        ; Stuck at GND due to stuck port clock_enable ;
; RF24_32bit:register_file|register_file[16][9]                        ; Stuck at GND due to stuck port clock_enable ;
; RF24_32bit:register_file|register_file[16][10]                       ; Stuck at GND due to stuck port clock_enable ;
; RF24_32bit:register_file|register_file[16][11]                       ; Stuck at GND due to stuck port clock_enable ;
; RF24_32bit:register_file|register_file[16][12]                       ; Stuck at GND due to stuck port clock_enable ;
; RF24_32bit:register_file|register_file[16][13]                       ; Stuck at GND due to stuck port clock_enable ;
; RF24_32bit:register_file|register_file[16][14]                       ; Stuck at GND due to stuck port clock_enable ;
; RF24_32bit:register_file|register_file[16][15]                       ; Stuck at GND due to stuck port clock_enable ;
; RF24_32bit:register_file|register_file[16][16]                       ; Stuck at GND due to stuck port clock_enable ;
; RF24_32bit:register_file|register_file[16][17]                       ; Stuck at GND due to stuck port clock_enable ;
; RF24_32bit:register_file|register_file[16][18]                       ; Stuck at GND due to stuck port clock_enable ;
; RF24_32bit:register_file|register_file[16][19]                       ; Stuck at GND due to stuck port clock_enable ;
; RF24_32bit:register_file|register_file[16][20]                       ; Stuck at GND due to stuck port clock_enable ;
; RF24_32bit:register_file|register_file[16][21]                       ; Stuck at GND due to stuck port clock_enable ;
; RF24_32bit:register_file|register_file[16][22]                       ; Stuck at GND due to stuck port clock_enable ;
; RF24_32bit:register_file|register_file[16][23]                       ; Stuck at GND due to stuck port clock_enable ;
; RF24_32bit:register_file|register_file[16][24]                       ; Stuck at GND due to stuck port clock_enable ;
; RF24_32bit:register_file|register_file[16][25]                       ; Stuck at GND due to stuck port clock_enable ;
; RF24_32bit:register_file|register_file[16][26]                       ; Stuck at GND due to stuck port clock_enable ;
; RF24_32bit:register_file|register_file[16][27]                       ; Stuck at GND due to stuck port clock_enable ;
; RF24_32bit:register_file|register_file[16][28]                       ; Stuck at GND due to stuck port clock_enable ;
; RF24_32bit:register_file|register_file[16][29]                       ; Stuck at GND due to stuck port clock_enable ;
; RF24_32bit:register_file|register_file[16][30]                       ; Stuck at GND due to stuck port clock_enable ;
; RF24_32bit:register_file|register_file[16][31]                       ; Stuck at GND due to stuck port clock_enable ;
; RF24_32bit:register_file|register_file[15][0]                        ; Stuck at GND due to stuck port clock_enable ;
; RF24_32bit:register_file|register_file[15][1]                        ; Stuck at GND due to stuck port clock_enable ;
; RF24_32bit:register_file|register_file[15][2]                        ; Stuck at GND due to stuck port clock_enable ;
; RF24_32bit:register_file|register_file[15][3]                        ; Stuck at GND due to stuck port clock_enable ;
; RF24_32bit:register_file|register_file[15][4]                        ; Stuck at GND due to stuck port clock_enable ;
; RF24_32bit:register_file|register_file[15][5]                        ; Stuck at GND due to stuck port clock_enable ;
; RF24_32bit:register_file|register_file[15][6]                        ; Stuck at GND due to stuck port clock_enable ;
; RF24_32bit:register_file|register_file[15][7]                        ; Stuck at GND due to stuck port clock_enable ;
; RF24_32bit:register_file|register_file[15][8]                        ; Stuck at GND due to stuck port clock_enable ;
; RF24_32bit:register_file|register_file[15][9]                        ; Stuck at GND due to stuck port clock_enable ;
; RF24_32bit:register_file|register_file[15][10]                       ; Stuck at GND due to stuck port clock_enable ;
; RF24_32bit:register_file|register_file[15][11]                       ; Stuck at GND due to stuck port clock_enable ;
; RF24_32bit:register_file|register_file[15][12]                       ; Stuck at GND due to stuck port clock_enable ;
; RF24_32bit:register_file|register_file[15][13]                       ; Stuck at GND due to stuck port clock_enable ;
; RF24_32bit:register_file|register_file[15][14]                       ; Stuck at GND due to stuck port clock_enable ;
; RF24_32bit:register_file|register_file[15][15]                       ; Stuck at GND due to stuck port clock_enable ;
; RF24_32bit:register_file|register_file[15][16]                       ; Stuck at GND due to stuck port clock_enable ;
; RF24_32bit:register_file|register_file[15][17]                       ; Stuck at GND due to stuck port clock_enable ;
; RF24_32bit:register_file|register_file[15][18]                       ; Stuck at GND due to stuck port clock_enable ;
; RF24_32bit:register_file|register_file[15][19]                       ; Stuck at GND due to stuck port clock_enable ;
; RF24_32bit:register_file|register_file[15][20]                       ; Stuck at GND due to stuck port clock_enable ;
; RF24_32bit:register_file|register_file[15][21]                       ; Stuck at GND due to stuck port clock_enable ;
; RF24_32bit:register_file|register_file[15][22]                       ; Stuck at GND due to stuck port clock_enable ;
; RF24_32bit:register_file|register_file[15][23]                       ; Stuck at GND due to stuck port clock_enable ;
; RF24_32bit:register_file|register_file[15][24]                       ; Stuck at GND due to stuck port clock_enable ;
; RF24_32bit:register_file|register_file[15][25]                       ; Stuck at GND due to stuck port clock_enable ;
; RF24_32bit:register_file|register_file[15][26]                       ; Stuck at GND due to stuck port clock_enable ;
; RF24_32bit:register_file|register_file[15][27]                       ; Stuck at GND due to stuck port clock_enable ;
; RF24_32bit:register_file|register_file[15][28]                       ; Stuck at GND due to stuck port clock_enable ;
; RF24_32bit:register_file|register_file[15][29]                       ; Stuck at GND due to stuck port clock_enable ;
; RF24_32bit:register_file|register_file[15][30]                       ; Stuck at GND due to stuck port clock_enable ;
; RF24_32bit:register_file|register_file[15][31]                       ; Stuck at GND due to stuck port clock_enable ;
; RF24_32bit:register_file|register_file[14][0]                        ; Stuck at GND due to stuck port clock_enable ;
; RF24_32bit:register_file|register_file[14][1]                        ; Stuck at GND due to stuck port clock_enable ;
; RF24_32bit:register_file|register_file[14][2]                        ; Stuck at GND due to stuck port clock_enable ;
; RF24_32bit:register_file|register_file[14][3]                        ; Stuck at GND due to stuck port clock_enable ;
; RF24_32bit:register_file|register_file[14][4]                        ; Stuck at GND due to stuck port clock_enable ;
; RF24_32bit:register_file|register_file[14][5]                        ; Stuck at GND due to stuck port clock_enable ;
; RF24_32bit:register_file|register_file[14][6]                        ; Stuck at GND due to stuck port clock_enable ;
; RF24_32bit:register_file|register_file[14][7]                        ; Stuck at GND due to stuck port clock_enable ;
; RF24_32bit:register_file|register_file[14][8]                        ; Stuck at GND due to stuck port clock_enable ;
; RF24_32bit:register_file|register_file[14][9]                        ; Stuck at GND due to stuck port clock_enable ;
; RF24_32bit:register_file|register_file[14][10]                       ; Stuck at GND due to stuck port clock_enable ;
; RF24_32bit:register_file|register_file[14][11]                       ; Stuck at GND due to stuck port clock_enable ;
; RF24_32bit:register_file|register_file[14][12]                       ; Stuck at GND due to stuck port clock_enable ;
; RF24_32bit:register_file|register_file[14][13]                       ; Stuck at GND due to stuck port clock_enable ;
; RF24_32bit:register_file|register_file[14][14]                       ; Stuck at GND due to stuck port clock_enable ;
; RF24_32bit:register_file|register_file[14][15]                       ; Stuck at GND due to stuck port clock_enable ;
; RF24_32bit:register_file|register_file[14][16]                       ; Stuck at GND due to stuck port clock_enable ;
; RF24_32bit:register_file|register_file[14][17]                       ; Stuck at GND due to stuck port clock_enable ;
; RF24_32bit:register_file|register_file[14][18]                       ; Stuck at GND due to stuck port clock_enable ;
; RF24_32bit:register_file|register_file[14][19]                       ; Stuck at GND due to stuck port clock_enable ;
; RF24_32bit:register_file|register_file[14][20]                       ; Stuck at GND due to stuck port clock_enable ;
; RF24_32bit:register_file|register_file[14][21]                       ; Stuck at GND due to stuck port clock_enable ;
; RF24_32bit:register_file|register_file[14][22]                       ; Stuck at GND due to stuck port clock_enable ;
; RF24_32bit:register_file|register_file[14][23]                       ; Stuck at GND due to stuck port clock_enable ;
; RF24_32bit:register_file|register_file[14][24]                       ; Stuck at GND due to stuck port clock_enable ;
; RF24_32bit:register_file|register_file[14][25]                       ; Stuck at GND due to stuck port clock_enable ;
; RF24_32bit:register_file|register_file[14][26]                       ; Stuck at GND due to stuck port clock_enable ;
; RF24_32bit:register_file|register_file[14][27]                       ; Stuck at GND due to stuck port clock_enable ;
; RF24_32bit:register_file|register_file[14][28]                       ; Stuck at GND due to stuck port clock_enable ;
; RF24_32bit:register_file|register_file[14][29]                       ; Stuck at GND due to stuck port clock_enable ;
; RF24_32bit:register_file|register_file[14][30]                       ; Stuck at GND due to stuck port clock_enable ;
; RF24_32bit:register_file|register_file[14][31]                       ; Stuck at GND due to stuck port clock_enable ;
; RF24_32bit:register_file|register_file[13][0]                        ; Stuck at GND due to stuck port clock_enable ;
; RF24_32bit:register_file|register_file[13][1]                        ; Stuck at GND due to stuck port clock_enable ;
; RF24_32bit:register_file|register_file[13][2]                        ; Stuck at GND due to stuck port clock_enable ;
; RF24_32bit:register_file|register_file[13][3]                        ; Stuck at GND due to stuck port clock_enable ;
; RF24_32bit:register_file|register_file[13][4]                        ; Stuck at GND due to stuck port clock_enable ;
; RF24_32bit:register_file|register_file[13][5]                        ; Stuck at GND due to stuck port clock_enable ;
; RF24_32bit:register_file|register_file[13][6]                        ; Stuck at GND due to stuck port clock_enable ;
; RF24_32bit:register_file|register_file[13][7]                        ; Stuck at GND due to stuck port clock_enable ;
; RF24_32bit:register_file|register_file[13][8]                        ; Stuck at GND due to stuck port clock_enable ;
; RF24_32bit:register_file|register_file[13][9]                        ; Stuck at GND due to stuck port clock_enable ;
; RF24_32bit:register_file|register_file[13][10]                       ; Stuck at GND due to stuck port clock_enable ;
; RF24_32bit:register_file|register_file[13][11]                       ; Stuck at GND due to stuck port clock_enable ;
; RF24_32bit:register_file|register_file[13][12]                       ; Stuck at GND due to stuck port clock_enable ;
; RF24_32bit:register_file|register_file[13][13]                       ; Stuck at GND due to stuck port clock_enable ;
; RF24_32bit:register_file|register_file[13][14]                       ; Stuck at GND due to stuck port clock_enable ;
; RF24_32bit:register_file|register_file[13][15]                       ; Stuck at GND due to stuck port clock_enable ;
; RF24_32bit:register_file|register_file[13][16]                       ; Stuck at GND due to stuck port clock_enable ;
; RF24_32bit:register_file|register_file[13][17]                       ; Stuck at GND due to stuck port clock_enable ;
; RF24_32bit:register_file|register_file[13][18]                       ; Stuck at GND due to stuck port clock_enable ;
; RF24_32bit:register_file|register_file[13][19]                       ; Stuck at GND due to stuck port clock_enable ;
; RF24_32bit:register_file|register_file[13][20]                       ; Stuck at GND due to stuck port clock_enable ;
; RF24_32bit:register_file|register_file[13][21]                       ; Stuck at GND due to stuck port clock_enable ;
; RF24_32bit:register_file|register_file[13][22]                       ; Stuck at GND due to stuck port clock_enable ;
; RF24_32bit:register_file|register_file[13][23]                       ; Stuck at GND due to stuck port clock_enable ;
; RF24_32bit:register_file|register_file[13][24]                       ; Stuck at GND due to stuck port clock_enable ;
; RF24_32bit:register_file|register_file[13][25]                       ; Stuck at GND due to stuck port clock_enable ;
; RF24_32bit:register_file|register_file[13][26]                       ; Stuck at GND due to stuck port clock_enable ;
; RF24_32bit:register_file|register_file[13][27]                       ; Stuck at GND due to stuck port clock_enable ;
; RF24_32bit:register_file|register_file[13][28]                       ; Stuck at GND due to stuck port clock_enable ;
; RF24_32bit:register_file|register_file[13][29]                       ; Stuck at GND due to stuck port clock_enable ;
; RF24_32bit:register_file|register_file[13][30]                       ; Stuck at GND due to stuck port clock_enable ;
; RF24_32bit:register_file|register_file[13][31]                       ; Stuck at GND due to stuck port clock_enable ;
; RF24_32bit:register_file|register_file[12][0]                        ; Stuck at GND due to stuck port clock_enable ;
; RF24_32bit:register_file|register_file[12][1]                        ; Stuck at GND due to stuck port clock_enable ;
; RF24_32bit:register_file|register_file[12][2]                        ; Stuck at GND due to stuck port clock_enable ;
; RF24_32bit:register_file|register_file[12][3]                        ; Stuck at GND due to stuck port clock_enable ;
; RF24_32bit:register_file|register_file[12][4]                        ; Stuck at GND due to stuck port clock_enable ;
; RF24_32bit:register_file|register_file[12][5]                        ; Stuck at GND due to stuck port clock_enable ;
; RF24_32bit:register_file|register_file[12][6]                        ; Stuck at GND due to stuck port clock_enable ;
; RF24_32bit:register_file|register_file[12][7]                        ; Stuck at GND due to stuck port clock_enable ;
; RF24_32bit:register_file|register_file[12][8]                        ; Stuck at GND due to stuck port clock_enable ;
; RF24_32bit:register_file|register_file[12][9]                        ; Stuck at GND due to stuck port clock_enable ;
; RF24_32bit:register_file|register_file[12][10]                       ; Stuck at GND due to stuck port clock_enable ;
; RF24_32bit:register_file|register_file[12][11]                       ; Stuck at GND due to stuck port clock_enable ;
; RF24_32bit:register_file|register_file[12][12]                       ; Stuck at GND due to stuck port clock_enable ;
; RF24_32bit:register_file|register_file[12][13]                       ; Stuck at GND due to stuck port clock_enable ;
; RF24_32bit:register_file|register_file[12][14]                       ; Stuck at GND due to stuck port clock_enable ;
; RF24_32bit:register_file|register_file[12][15]                       ; Stuck at GND due to stuck port clock_enable ;
; RF24_32bit:register_file|register_file[12][16]                       ; Stuck at GND due to stuck port clock_enable ;
; RF24_32bit:register_file|register_file[12][17]                       ; Stuck at GND due to stuck port clock_enable ;
; RF24_32bit:register_file|register_file[12][18]                       ; Stuck at GND due to stuck port clock_enable ;
; RF24_32bit:register_file|register_file[12][19]                       ; Stuck at GND due to stuck port clock_enable ;
; RF24_32bit:register_file|register_file[12][20]                       ; Stuck at GND due to stuck port clock_enable ;
; RF24_32bit:register_file|register_file[12][21]                       ; Stuck at GND due to stuck port clock_enable ;
; RF24_32bit:register_file|register_file[12][22]                       ; Stuck at GND due to stuck port clock_enable ;
; RF24_32bit:register_file|register_file[12][23]                       ; Stuck at GND due to stuck port clock_enable ;
; RF24_32bit:register_file|register_file[12][24]                       ; Stuck at GND due to stuck port clock_enable ;
; RF24_32bit:register_file|register_file[12][25]                       ; Stuck at GND due to stuck port clock_enable ;
; RF24_32bit:register_file|register_file[12][26]                       ; Stuck at GND due to stuck port clock_enable ;
; RF24_32bit:register_file|register_file[12][27]                       ; Stuck at GND due to stuck port clock_enable ;
; RF24_32bit:register_file|register_file[12][28]                       ; Stuck at GND due to stuck port clock_enable ;
; RF24_32bit:register_file|register_file[12][29]                       ; Stuck at GND due to stuck port clock_enable ;
; RF24_32bit:register_file|register_file[12][30]                       ; Stuck at GND due to stuck port clock_enable ;
; RF24_32bit:register_file|register_file[12][31]                       ; Stuck at GND due to stuck port clock_enable ;
; RF24_32bit:register_file|register_file[11][0]                        ; Stuck at GND due to stuck port clock_enable ;
; RF24_32bit:register_file|register_file[11][1]                        ; Stuck at GND due to stuck port clock_enable ;
; RF24_32bit:register_file|register_file[11][2]                        ; Stuck at GND due to stuck port clock_enable ;
; RF24_32bit:register_file|register_file[11][3]                        ; Stuck at GND due to stuck port clock_enable ;
; RF24_32bit:register_file|register_file[11][4]                        ; Stuck at GND due to stuck port clock_enable ;
; RF24_32bit:register_file|register_file[11][5]                        ; Stuck at GND due to stuck port clock_enable ;
; RF24_32bit:register_file|register_file[11][6]                        ; Stuck at GND due to stuck port clock_enable ;
; RF24_32bit:register_file|register_file[11][7]                        ; Stuck at GND due to stuck port clock_enable ;
; RF24_32bit:register_file|register_file[11][8]                        ; Stuck at GND due to stuck port clock_enable ;
; RF24_32bit:register_file|register_file[11][9]                        ; Stuck at GND due to stuck port clock_enable ;
; RF24_32bit:register_file|register_file[11][10]                       ; Stuck at GND due to stuck port clock_enable ;
; RF24_32bit:register_file|register_file[11][11]                       ; Stuck at GND due to stuck port clock_enable ;
; RF24_32bit:register_file|register_file[11][12]                       ; Stuck at GND due to stuck port clock_enable ;
; RF24_32bit:register_file|register_file[11][13]                       ; Stuck at GND due to stuck port clock_enable ;
; RF24_32bit:register_file|register_file[11][14]                       ; Stuck at GND due to stuck port clock_enable ;
; RF24_32bit:register_file|register_file[11][15]                       ; Stuck at GND due to stuck port clock_enable ;
; RF24_32bit:register_file|register_file[11][16]                       ; Stuck at GND due to stuck port clock_enable ;
; RF24_32bit:register_file|register_file[11][17]                       ; Stuck at GND due to stuck port clock_enable ;
; RF24_32bit:register_file|register_file[11][18]                       ; Stuck at GND due to stuck port clock_enable ;
; RF24_32bit:register_file|register_file[11][19]                       ; Stuck at GND due to stuck port clock_enable ;
; RF24_32bit:register_file|register_file[11][20]                       ; Stuck at GND due to stuck port clock_enable ;
; RF24_32bit:register_file|register_file[11][21]                       ; Stuck at GND due to stuck port clock_enable ;
; RF24_32bit:register_file|register_file[11][22]                       ; Stuck at GND due to stuck port clock_enable ;
; RF24_32bit:register_file|register_file[11][23]                       ; Stuck at GND due to stuck port clock_enable ;
; RF24_32bit:register_file|register_file[11][24]                       ; Stuck at GND due to stuck port clock_enable ;
; RF24_32bit:register_file|register_file[11][25]                       ; Stuck at GND due to stuck port clock_enable ;
; RF24_32bit:register_file|register_file[11][26]                       ; Stuck at GND due to stuck port clock_enable ;
; RF24_32bit:register_file|register_file[11][27]                       ; Stuck at GND due to stuck port clock_enable ;
; RF24_32bit:register_file|register_file[11][28]                       ; Stuck at GND due to stuck port clock_enable ;
; RF24_32bit:register_file|register_file[11][29]                       ; Stuck at GND due to stuck port clock_enable ;
; RF24_32bit:register_file|register_file[11][30]                       ; Stuck at GND due to stuck port clock_enable ;
; RF24_32bit:register_file|register_file[11][31]                       ; Stuck at GND due to stuck port clock_enable ;
; RF24_32bit:register_file|register_file[10][0]                        ; Stuck at GND due to stuck port clock_enable ;
; RF24_32bit:register_file|register_file[10][1]                        ; Stuck at GND due to stuck port clock_enable ;
; RF24_32bit:register_file|register_file[10][2]                        ; Stuck at GND due to stuck port clock_enable ;
; RF24_32bit:register_file|register_file[10][3]                        ; Stuck at GND due to stuck port clock_enable ;
; RF24_32bit:register_file|register_file[10][4]                        ; Stuck at GND due to stuck port clock_enable ;
; RF24_32bit:register_file|register_file[10][5]                        ; Stuck at GND due to stuck port clock_enable ;
; RF24_32bit:register_file|register_file[10][6]                        ; Stuck at GND due to stuck port clock_enable ;
; RF24_32bit:register_file|register_file[10][7]                        ; Stuck at GND due to stuck port clock_enable ;
; RF24_32bit:register_file|register_file[10][8]                        ; Stuck at GND due to stuck port clock_enable ;
; RF24_32bit:register_file|register_file[10][9]                        ; Stuck at GND due to stuck port clock_enable ;
; RF24_32bit:register_file|register_file[10][10]                       ; Stuck at GND due to stuck port clock_enable ;
; RF24_32bit:register_file|register_file[10][11]                       ; Stuck at GND due to stuck port clock_enable ;
; RF24_32bit:register_file|register_file[10][12]                       ; Stuck at GND due to stuck port clock_enable ;
; RF24_32bit:register_file|register_file[10][13]                       ; Stuck at GND due to stuck port clock_enable ;
; RF24_32bit:register_file|register_file[10][14]                       ; Stuck at GND due to stuck port clock_enable ;
; RF24_32bit:register_file|register_file[10][15]                       ; Stuck at GND due to stuck port clock_enable ;
; RF24_32bit:register_file|register_file[10][16]                       ; Stuck at GND due to stuck port clock_enable ;
; RF24_32bit:register_file|register_file[10][17]                       ; Stuck at GND due to stuck port clock_enable ;
; RF24_32bit:register_file|register_file[10][18]                       ; Stuck at GND due to stuck port clock_enable ;
; RF24_32bit:register_file|register_file[10][19]                       ; Stuck at GND due to stuck port clock_enable ;
; RF24_32bit:register_file|register_file[10][20]                       ; Stuck at GND due to stuck port clock_enable ;
; RF24_32bit:register_file|register_file[10][21]                       ; Stuck at GND due to stuck port clock_enable ;
; RF24_32bit:register_file|register_file[10][22]                       ; Stuck at GND due to stuck port clock_enable ;
; RF24_32bit:register_file|register_file[10][23]                       ; Stuck at GND due to stuck port clock_enable ;
; RF24_32bit:register_file|register_file[10][24]                       ; Stuck at GND due to stuck port clock_enable ;
; RF24_32bit:register_file|register_file[10][25]                       ; Stuck at GND due to stuck port clock_enable ;
; RF24_32bit:register_file|register_file[10][26]                       ; Stuck at GND due to stuck port clock_enable ;
; RF24_32bit:register_file|register_file[10][27]                       ; Stuck at GND due to stuck port clock_enable ;
; RF24_32bit:register_file|register_file[10][28]                       ; Stuck at GND due to stuck port clock_enable ;
; RF24_32bit:register_file|register_file[10][29]                       ; Stuck at GND due to stuck port clock_enable ;
; RF24_32bit:register_file|register_file[10][30]                       ; Stuck at GND due to stuck port clock_enable ;
; RF24_32bit:register_file|register_file[10][31]                       ; Stuck at GND due to stuck port clock_enable ;
; RF24_32bit:register_file|register_file[9][0]                         ; Stuck at GND due to stuck port clock_enable ;
; RF24_32bit:register_file|register_file[9][1]                         ; Stuck at GND due to stuck port clock_enable ;
; RF24_32bit:register_file|register_file[9][2]                         ; Stuck at GND due to stuck port clock_enable ;
; RF24_32bit:register_file|register_file[9][3]                         ; Stuck at GND due to stuck port clock_enable ;
; RF24_32bit:register_file|register_file[9][4]                         ; Stuck at GND due to stuck port clock_enable ;
; RF24_32bit:register_file|register_file[9][5]                         ; Stuck at GND due to stuck port clock_enable ;
; RF24_32bit:register_file|register_file[9][6]                         ; Stuck at GND due to stuck port clock_enable ;
; RF24_32bit:register_file|register_file[9][7]                         ; Stuck at GND due to stuck port clock_enable ;
; RF24_32bit:register_file|register_file[9][8]                         ; Stuck at GND due to stuck port clock_enable ;
; RF24_32bit:register_file|register_file[9][9]                         ; Stuck at GND due to stuck port clock_enable ;
; RF24_32bit:register_file|register_file[9][10]                        ; Stuck at GND due to stuck port clock_enable ;
; RF24_32bit:register_file|register_file[9][11]                        ; Stuck at GND due to stuck port clock_enable ;
; RF24_32bit:register_file|register_file[9][12]                        ; Stuck at GND due to stuck port clock_enable ;
; RF24_32bit:register_file|register_file[9][13]                        ; Stuck at GND due to stuck port clock_enable ;
; RF24_32bit:register_file|register_file[9][14]                        ; Stuck at GND due to stuck port clock_enable ;
; RF24_32bit:register_file|register_file[9][15]                        ; Stuck at GND due to stuck port clock_enable ;
; RF24_32bit:register_file|register_file[9][16]                        ; Stuck at GND due to stuck port clock_enable ;
; RF24_32bit:register_file|register_file[9][17]                        ; Stuck at GND due to stuck port clock_enable ;
; RF24_32bit:register_file|register_file[9][18]                        ; Stuck at GND due to stuck port clock_enable ;
; RF24_32bit:register_file|register_file[9][19]                        ; Stuck at GND due to stuck port clock_enable ;
; RF24_32bit:register_file|register_file[9][20]                        ; Stuck at GND due to stuck port clock_enable ;
; RF24_32bit:register_file|register_file[9][21]                        ; Stuck at GND due to stuck port clock_enable ;
; RF24_32bit:register_file|register_file[9][22]                        ; Stuck at GND due to stuck port clock_enable ;
; RF24_32bit:register_file|register_file[9][23]                        ; Stuck at GND due to stuck port clock_enable ;
; RF24_32bit:register_file|register_file[9][24]                        ; Stuck at GND due to stuck port clock_enable ;
; RF24_32bit:register_file|register_file[9][25]                        ; Stuck at GND due to stuck port clock_enable ;
; RF24_32bit:register_file|register_file[9][26]                        ; Stuck at GND due to stuck port clock_enable ;
; RF24_32bit:register_file|register_file[9][27]                        ; Stuck at GND due to stuck port clock_enable ;
; RF24_32bit:register_file|register_file[9][28]                        ; Stuck at GND due to stuck port clock_enable ;
; RF24_32bit:register_file|register_file[9][29]                        ; Stuck at GND due to stuck port clock_enable ;
; RF24_32bit:register_file|register_file[9][30]                        ; Stuck at GND due to stuck port clock_enable ;
; RF24_32bit:register_file|register_file[9][31]                        ; Stuck at GND due to stuck port clock_enable ;
; RF24_32bit:register_file|register_file[8][0]                         ; Stuck at GND due to stuck port clock_enable ;
; RF24_32bit:register_file|register_file[8][1]                         ; Stuck at GND due to stuck port clock_enable ;
; RF24_32bit:register_file|register_file[8][2]                         ; Stuck at GND due to stuck port clock_enable ;
; RF24_32bit:register_file|register_file[8][3]                         ; Stuck at GND due to stuck port clock_enable ;
; RF24_32bit:register_file|register_file[8][4]                         ; Stuck at GND due to stuck port clock_enable ;
; RF24_32bit:register_file|register_file[8][5]                         ; Stuck at GND due to stuck port clock_enable ;
; RF24_32bit:register_file|register_file[8][6]                         ; Stuck at GND due to stuck port clock_enable ;
; RF24_32bit:register_file|register_file[8][7]                         ; Stuck at GND due to stuck port clock_enable ;
; RF24_32bit:register_file|register_file[8][8]                         ; Stuck at GND due to stuck port clock_enable ;
; RF24_32bit:register_file|register_file[8][9]                         ; Stuck at GND due to stuck port clock_enable ;
; RF24_32bit:register_file|register_file[8][10]                        ; Stuck at GND due to stuck port clock_enable ;
; RF24_32bit:register_file|register_file[8][11]                        ; Stuck at GND due to stuck port clock_enable ;
; RF24_32bit:register_file|register_file[8][12]                        ; Stuck at GND due to stuck port clock_enable ;
; RF24_32bit:register_file|register_file[8][13]                        ; Stuck at GND due to stuck port clock_enable ;
; RF24_32bit:register_file|register_file[8][14]                        ; Stuck at GND due to stuck port clock_enable ;
; RF24_32bit:register_file|register_file[8][15]                        ; Stuck at GND due to stuck port clock_enable ;
; RF24_32bit:register_file|register_file[8][16]                        ; Stuck at GND due to stuck port clock_enable ;
; RF24_32bit:register_file|register_file[8][17]                        ; Stuck at GND due to stuck port clock_enable ;
; RF24_32bit:register_file|register_file[8][18]                        ; Stuck at GND due to stuck port clock_enable ;
; RF24_32bit:register_file|register_file[8][19]                        ; Stuck at GND due to stuck port clock_enable ;
; RF24_32bit:register_file|register_file[8][20]                        ; Stuck at GND due to stuck port clock_enable ;
; RF24_32bit:register_file|register_file[8][21]                        ; Stuck at GND due to stuck port clock_enable ;
; RF24_32bit:register_file|register_file[8][22]                        ; Stuck at GND due to stuck port clock_enable ;
; RF24_32bit:register_file|register_file[8][23]                        ; Stuck at GND due to stuck port clock_enable ;
; RF24_32bit:register_file|register_file[8][24]                        ; Stuck at GND due to stuck port clock_enable ;
; RF24_32bit:register_file|register_file[8][25]                        ; Stuck at GND due to stuck port clock_enable ;
; RF24_32bit:register_file|register_file[8][26]                        ; Stuck at GND due to stuck port clock_enable ;
; RF24_32bit:register_file|register_file[8][27]                        ; Stuck at GND due to stuck port clock_enable ;
; RF24_32bit:register_file|register_file[8][28]                        ; Stuck at GND due to stuck port clock_enable ;
; RF24_32bit:register_file|register_file[8][29]                        ; Stuck at GND due to stuck port clock_enable ;
; RF24_32bit:register_file|register_file[8][30]                        ; Stuck at GND due to stuck port clock_enable ;
; RF24_32bit:register_file|register_file[8][31]                        ; Stuck at GND due to stuck port clock_enable ;
; RF24_32bit:register_file|register_file[0][31]                        ; Stuck at GND due to stuck port clock_enable ;
; RF24_32bit:register_file|register_file[0][30]                        ; Stuck at GND due to stuck port clock_enable ;
; RF24_32bit:register_file|register_file[0][29]                        ; Stuck at GND due to stuck port clock_enable ;
; RF24_32bit:register_file|register_file[0][28]                        ; Stuck at GND due to stuck port clock_enable ;
; RF24_32bit:register_file|register_file[0][27]                        ; Stuck at GND due to stuck port clock_enable ;
; RF24_32bit:register_file|register_file[0][26]                        ; Stuck at GND due to stuck port clock_enable ;
; RF24_32bit:register_file|register_file[0][25]                        ; Stuck at GND due to stuck port clock_enable ;
; RF24_32bit:register_file|register_file[0][24]                        ; Stuck at GND due to stuck port clock_enable ;
; RF24_32bit:register_file|register_file[0][23]                        ; Stuck at GND due to stuck port clock_enable ;
; RF24_32bit:register_file|register_file[0][22]                        ; Stuck at GND due to stuck port clock_enable ;
; RF24_32bit:register_file|register_file[0][21]                        ; Stuck at GND due to stuck port clock_enable ;
; RF24_32bit:register_file|register_file[0][20]                        ; Stuck at GND due to stuck port clock_enable ;
; RF24_32bit:register_file|register_file[0][19]                        ; Stuck at GND due to stuck port clock_enable ;
; RF24_32bit:register_file|register_file[0][18]                        ; Stuck at GND due to stuck port clock_enable ;
; RF24_32bit:register_file|register_file[0][17]                        ; Stuck at GND due to stuck port clock_enable ;
; RF24_32bit:register_file|register_file[0][16]                        ; Stuck at GND due to stuck port clock_enable ;
; RF24_32bit:register_file|register_file[0][15]                        ; Stuck at GND due to stuck port clock_enable ;
; RF24_32bit:register_file|register_file[0][14]                        ; Stuck at GND due to stuck port clock_enable ;
; RF24_32bit:register_file|register_file[0][13]                        ; Stuck at GND due to stuck port clock_enable ;
; RF24_32bit:register_file|register_file[0][12]                        ; Stuck at GND due to stuck port clock_enable ;
; RF24_32bit:register_file|register_file[0][11]                        ; Stuck at GND due to stuck port clock_enable ;
; RF24_32bit:register_file|register_file[0][10]                        ; Stuck at GND due to stuck port clock_enable ;
; RF24_32bit:register_file|register_file[0][9]                         ; Stuck at GND due to stuck port clock_enable ;
; RF24_32bit:register_file|register_file[0][8]                         ; Stuck at GND due to stuck port clock_enable ;
; RF24_32bit:register_file|register_file[0][7]                         ; Stuck at GND due to stuck port clock_enable ;
; RF24_32bit:register_file|register_file[0][6]                         ; Stuck at GND due to stuck port clock_enable ;
; RF24_32bit:register_file|register_file[0][5]                         ; Stuck at GND due to stuck port clock_enable ;
; RF24_32bit:register_file|register_file[0][4]                         ; Stuck at GND due to stuck port clock_enable ;
; RF24_32bit:register_file|register_file[0][3]                         ; Stuck at GND due to stuck port clock_enable ;
; RF24_32bit:register_file|register_file[0][2]                         ; Stuck at GND due to stuck port clock_enable ;
; RF24_32bit:register_file|register_file[0][1]                         ; Stuck at GND due to stuck port clock_enable ;
; RF24_32bit:register_file|register_file[0][0]                         ; Stuck at GND due to stuck port clock_enable ;
; RF24_32bit:register_file|register_file[24][29]                       ; Stuck at GND due to stuck port clock_enable ;
; RF24_32bit:register_file|register_file[25][29]                       ; Stuck at GND due to stuck port clock_enable ;
; RF24_32bit:register_file|register_file[26][29]                       ; Stuck at GND due to stuck port clock_enable ;
; RF24_32bit:register_file|register_file[27][29]                       ; Stuck at GND due to stuck port clock_enable ;
; RF24_32bit:register_file|register_file[28][29]                       ; Stuck at GND due to stuck port clock_enable ;
; RF24_32bit:register_file|register_file[29][29]                       ; Stuck at GND due to stuck port clock_enable ;
; RF24_32bit:register_file|register_file[30][29]                       ; Stuck at GND due to stuck port clock_enable ;
; RF24_32bit:register_file|register_file[31][29]                       ; Stuck at GND due to stuck port clock_enable ;
; RF24_32bit:register_file|register_file[24][30]                       ; Stuck at GND due to stuck port clock_enable ;
; RF24_32bit:register_file|register_file[25][30]                       ; Stuck at GND due to stuck port clock_enable ;
; RF24_32bit:register_file|register_file[26][30]                       ; Stuck at GND due to stuck port clock_enable ;
; RF24_32bit:register_file|register_file[27][30]                       ; Stuck at GND due to stuck port clock_enable ;
; RF24_32bit:register_file|register_file[28][30]                       ; Stuck at GND due to stuck port clock_enable ;
; RF24_32bit:register_file|register_file[29][30]                       ; Stuck at GND due to stuck port clock_enable ;
; RF24_32bit:register_file|register_file[30][30]                       ; Stuck at GND due to stuck port clock_enable ;
; RF24_32bit:register_file|register_file[31][30]                       ; Stuck at GND due to stuck port clock_enable ;
; RF24_32bit:register_file|register_file[24][31]                       ; Stuck at GND due to stuck port clock_enable ;
; RF24_32bit:register_file|register_file[25][31]                       ; Stuck at GND due to stuck port clock_enable ;
; RF24_32bit:register_file|register_file[26][31]                       ; Stuck at GND due to stuck port clock_enable ;
; RF24_32bit:register_file|register_file[27][31]                       ; Stuck at GND due to stuck port clock_enable ;
; RF24_32bit:register_file|register_file[28][31]                       ; Stuck at GND due to stuck port clock_enable ;
; RF24_32bit:register_file|register_file[29][31]                       ; Stuck at GND due to stuck port clock_enable ;
; RF24_32bit:register_file|register_file[30][31]                       ; Stuck at GND due to stuck port clock_enable ;
; RF24_32bit:register_file|register_file[31][31]                       ; Stuck at GND due to stuck port clock_enable ;
; RF24_32bit:register_file|register_file[24][25]                       ; Stuck at GND due to stuck port clock_enable ;
; RF24_32bit:register_file|register_file[25][25]                       ; Stuck at GND due to stuck port clock_enable ;
; RF24_32bit:register_file|register_file[26][25]                       ; Stuck at GND due to stuck port clock_enable ;
; RF24_32bit:register_file|register_file[27][25]                       ; Stuck at GND due to stuck port clock_enable ;
; RF24_32bit:register_file|register_file[28][25]                       ; Stuck at GND due to stuck port clock_enable ;
; RF24_32bit:register_file|register_file[29][25]                       ; Stuck at GND due to stuck port clock_enable ;
; RF24_32bit:register_file|register_file[30][25]                       ; Stuck at GND due to stuck port clock_enable ;
; RF24_32bit:register_file|register_file[31][25]                       ; Stuck at GND due to stuck port clock_enable ;
; RF24_32bit:register_file|register_file[24][26]                       ; Stuck at GND due to stuck port clock_enable ;
; RF24_32bit:register_file|register_file[25][26]                       ; Stuck at GND due to stuck port clock_enable ;
; RF24_32bit:register_file|register_file[26][26]                       ; Stuck at GND due to stuck port clock_enable ;
; RF24_32bit:register_file|register_file[27][26]                       ; Stuck at GND due to stuck port clock_enable ;
; RF24_32bit:register_file|register_file[28][26]                       ; Stuck at GND due to stuck port clock_enable ;
; RF24_32bit:register_file|register_file[29][26]                       ; Stuck at GND due to stuck port clock_enable ;
; RF24_32bit:register_file|register_file[30][26]                       ; Stuck at GND due to stuck port clock_enable ;
; RF24_32bit:register_file|register_file[31][26]                       ; Stuck at GND due to stuck port clock_enable ;
; RF24_32bit:register_file|register_file[24][27]                       ; Stuck at GND due to stuck port clock_enable ;
; RF24_32bit:register_file|register_file[25][27]                       ; Stuck at GND due to stuck port clock_enable ;
; RF24_32bit:register_file|register_file[26][27]                       ; Stuck at GND due to stuck port clock_enable ;
; RF24_32bit:register_file|register_file[27][27]                       ; Stuck at GND due to stuck port clock_enable ;
; RF24_32bit:register_file|register_file[28][27]                       ; Stuck at GND due to stuck port clock_enable ;
; RF24_32bit:register_file|register_file[29][27]                       ; Stuck at GND due to stuck port clock_enable ;
; RF24_32bit:register_file|register_file[30][27]                       ; Stuck at GND due to stuck port clock_enable ;
; RF24_32bit:register_file|register_file[31][27]                       ; Stuck at GND due to stuck port clock_enable ;
; RF24_32bit:register_file|register_file[24][21]                       ; Stuck at GND due to stuck port clock_enable ;
; RF24_32bit:register_file|register_file[25][21]                       ; Stuck at GND due to stuck port clock_enable ;
; RF24_32bit:register_file|register_file[26][21]                       ; Stuck at GND due to stuck port clock_enable ;
; RF24_32bit:register_file|register_file[27][21]                       ; Stuck at GND due to stuck port clock_enable ;
; RF24_32bit:register_file|register_file[28][21]                       ; Stuck at GND due to stuck port clock_enable ;
; RF24_32bit:register_file|register_file[29][21]                       ; Stuck at GND due to stuck port clock_enable ;
; RF24_32bit:register_file|register_file[30][21]                       ; Stuck at GND due to stuck port clock_enable ;
; RF24_32bit:register_file|register_file[31][21]                       ; Stuck at GND due to stuck port clock_enable ;
; RF24_32bit:register_file|register_file[24][22]                       ; Stuck at GND due to stuck port clock_enable ;
; RF24_32bit:register_file|register_file[25][22]                       ; Stuck at GND due to stuck port clock_enable ;
; RF24_32bit:register_file|register_file[26][22]                       ; Stuck at GND due to stuck port clock_enable ;
; RF24_32bit:register_file|register_file[27][22]                       ; Stuck at GND due to stuck port clock_enable ;
; RF24_32bit:register_file|register_file[28][22]                       ; Stuck at GND due to stuck port clock_enable ;
; RF24_32bit:register_file|register_file[29][22]                       ; Stuck at GND due to stuck port clock_enable ;
; RF24_32bit:register_file|register_file[30][22]                       ; Stuck at GND due to stuck port clock_enable ;
; RF24_32bit:register_file|register_file[31][22]                       ; Stuck at GND due to stuck port clock_enable ;
; RF24_32bit:register_file|register_file[24][23]                       ; Stuck at GND due to stuck port clock_enable ;
; RF24_32bit:register_file|register_file[25][23]                       ; Stuck at GND due to stuck port clock_enable ;
; RF24_32bit:register_file|register_file[26][23]                       ; Stuck at GND due to stuck port clock_enable ;
; RF24_32bit:register_file|register_file[27][23]                       ; Stuck at GND due to stuck port clock_enable ;
; RF24_32bit:register_file|register_file[28][23]                       ; Stuck at GND due to stuck port clock_enable ;
; RF24_32bit:register_file|register_file[29][23]                       ; Stuck at GND due to stuck port clock_enable ;
; RF24_32bit:register_file|register_file[30][23]                       ; Stuck at GND due to stuck port clock_enable ;
; RF24_32bit:register_file|register_file[31][23]                       ; Stuck at GND due to stuck port clock_enable ;
; RF24_32bit:register_file|register_file[24][17]                       ; Stuck at GND due to stuck port clock_enable ;
; RF24_32bit:register_file|register_file[25][17]                       ; Stuck at GND due to stuck port clock_enable ;
; RF24_32bit:register_file|register_file[26][17]                       ; Stuck at GND due to stuck port clock_enable ;
; RF24_32bit:register_file|register_file[27][17]                       ; Stuck at GND due to stuck port clock_enable ;
; RF24_32bit:register_file|register_file[28][17]                       ; Stuck at GND due to stuck port clock_enable ;
; RF24_32bit:register_file|register_file[29][17]                       ; Stuck at GND due to stuck port clock_enable ;
; RF24_32bit:register_file|register_file[30][17]                       ; Stuck at GND due to stuck port clock_enable ;
; RF24_32bit:register_file|register_file[31][17]                       ; Stuck at GND due to stuck port clock_enable ;
; RF24_32bit:register_file|register_file[24][18]                       ; Stuck at GND due to stuck port clock_enable ;
; RF24_32bit:register_file|register_file[25][18]                       ; Stuck at GND due to stuck port clock_enable ;
; RF24_32bit:register_file|register_file[26][18]                       ; Stuck at GND due to stuck port clock_enable ;
; RF24_32bit:register_file|register_file[27][18]                       ; Stuck at GND due to stuck port clock_enable ;
; RF24_32bit:register_file|register_file[28][18]                       ; Stuck at GND due to stuck port clock_enable ;
; RF24_32bit:register_file|register_file[29][18]                       ; Stuck at GND due to stuck port clock_enable ;
; RF24_32bit:register_file|register_file[30][18]                       ; Stuck at GND due to stuck port clock_enable ;
; RF24_32bit:register_file|register_file[31][18]                       ; Stuck at GND due to stuck port clock_enable ;
; RF24_32bit:register_file|register_file[24][19]                       ; Stuck at GND due to stuck port clock_enable ;
; RF24_32bit:register_file|register_file[25][19]                       ; Stuck at GND due to stuck port clock_enable ;
; RF24_32bit:register_file|register_file[26][19]                       ; Stuck at GND due to stuck port clock_enable ;
; RF24_32bit:register_file|register_file[27][19]                       ; Stuck at GND due to stuck port clock_enable ;
; RF24_32bit:register_file|register_file[28][19]                       ; Stuck at GND due to stuck port clock_enable ;
; RF24_32bit:register_file|register_file[29][19]                       ; Stuck at GND due to stuck port clock_enable ;
; RF24_32bit:register_file|register_file[30][19]                       ; Stuck at GND due to stuck port clock_enable ;
; RF24_32bit:register_file|register_file[31][19]                       ; Stuck at GND due to stuck port clock_enable ;
; RF24_32bit:register_file|register_file[24][13]                       ; Stuck at GND due to stuck port clock_enable ;
; RF24_32bit:register_file|register_file[25][13]                       ; Stuck at GND due to stuck port clock_enable ;
; RF24_32bit:register_file|register_file[26][13]                       ; Stuck at GND due to stuck port clock_enable ;
; RF24_32bit:register_file|register_file[27][13]                       ; Stuck at GND due to stuck port clock_enable ;
; RF24_32bit:register_file|register_file[28][13]                       ; Stuck at GND due to stuck port clock_enable ;
; RF24_32bit:register_file|register_file[29][13]                       ; Stuck at GND due to stuck port clock_enable ;
; RF24_32bit:register_file|register_file[30][13]                       ; Stuck at GND due to stuck port clock_enable ;
; RF24_32bit:register_file|register_file[31][13]                       ; Stuck at GND due to stuck port clock_enable ;
; RF24_32bit:register_file|register_file[24][14]                       ; Stuck at GND due to stuck port clock_enable ;
; RF24_32bit:register_file|register_file[25][14]                       ; Stuck at GND due to stuck port clock_enable ;
; RF24_32bit:register_file|register_file[26][14]                       ; Stuck at GND due to stuck port clock_enable ;
; RF24_32bit:register_file|register_file[27][14]                       ; Stuck at GND due to stuck port clock_enable ;
; RF24_32bit:register_file|register_file[28][14]                       ; Stuck at GND due to stuck port clock_enable ;
; RF24_32bit:register_file|register_file[29][14]                       ; Stuck at GND due to stuck port clock_enable ;
; RF24_32bit:register_file|register_file[30][14]                       ; Stuck at GND due to stuck port clock_enable ;
; RF24_32bit:register_file|register_file[31][14]                       ; Stuck at GND due to stuck port clock_enable ;
; RF24_32bit:register_file|register_file[24][15]                       ; Stuck at GND due to stuck port clock_enable ;
; RF24_32bit:register_file|register_file[25][15]                       ; Stuck at GND due to stuck port clock_enable ;
; RF24_32bit:register_file|register_file[26][15]                       ; Stuck at GND due to stuck port clock_enable ;
; RF24_32bit:register_file|register_file[27][15]                       ; Stuck at GND due to stuck port clock_enable ;
; RF24_32bit:register_file|register_file[28][15]                       ; Stuck at GND due to stuck port clock_enable ;
; RF24_32bit:register_file|register_file[29][15]                       ; Stuck at GND due to stuck port clock_enable ;
; RF24_32bit:register_file|register_file[30][15]                       ; Stuck at GND due to stuck port clock_enable ;
; RF24_32bit:register_file|register_file[31][15]                       ; Stuck at GND due to stuck port clock_enable ;
; RF24_32bit:register_file|register_file[24][1]                        ; Stuck at GND due to stuck port clock_enable ;
; RF24_32bit:register_file|register_file[25][1]                        ; Stuck at GND due to stuck port clock_enable ;
; RF24_32bit:register_file|register_file[26][1]                        ; Stuck at GND due to stuck port clock_enable ;
; RF24_32bit:register_file|register_file[27][1]                        ; Stuck at GND due to stuck port clock_enable ;
; RF24_32bit:register_file|register_file[28][1]                        ; Stuck at GND due to stuck port clock_enable ;
; RF24_32bit:register_file|register_file[29][1]                        ; Stuck at GND due to stuck port clock_enable ;
; RF24_32bit:register_file|register_file[30][1]                        ; Stuck at GND due to stuck port clock_enable ;
; RF24_32bit:register_file|register_file[31][1]                        ; Stuck at GND due to stuck port clock_enable ;
; RF24_32bit:register_file|register_file[24][2]                        ; Stuck at GND due to stuck port clock_enable ;
; RF24_32bit:register_file|register_file[25][2]                        ; Stuck at GND due to stuck port clock_enable ;
; RF24_32bit:register_file|register_file[26][2]                        ; Stuck at GND due to stuck port clock_enable ;
; RF24_32bit:register_file|register_file[27][2]                        ; Stuck at GND due to stuck port clock_enable ;
; RF24_32bit:register_file|register_file[28][2]                        ; Stuck at GND due to stuck port clock_enable ;
; RF24_32bit:register_file|register_file[29][2]                        ; Stuck at GND due to stuck port clock_enable ;
; RF24_32bit:register_file|register_file[30][2]                        ; Stuck at GND due to stuck port clock_enable ;
; RF24_32bit:register_file|register_file[31][2]                        ; Stuck at GND due to stuck port clock_enable ;
; RF24_32bit:register_file|register_file[24][3]                        ; Stuck at GND due to stuck port clock_enable ;
; RF24_32bit:register_file|register_file[25][3]                        ; Stuck at GND due to stuck port clock_enable ;
; RF24_32bit:register_file|register_file[26][3]                        ; Stuck at GND due to stuck port clock_enable ;
; RF24_32bit:register_file|register_file[27][3]                        ; Stuck at GND due to stuck port clock_enable ;
; RF24_32bit:register_file|register_file[28][3]                        ; Stuck at GND due to stuck port clock_enable ;
; RF24_32bit:register_file|register_file[29][3]                        ; Stuck at GND due to stuck port clock_enable ;
; RF24_32bit:register_file|register_file[30][3]                        ; Stuck at GND due to stuck port clock_enable ;
; RF24_32bit:register_file|register_file[31][3]                        ; Stuck at GND due to stuck port clock_enable ;
; RF24_32bit:register_file|register_file[24][9]                        ; Stuck at GND due to stuck port clock_enable ;
; RF24_32bit:register_file|register_file[25][9]                        ; Stuck at GND due to stuck port clock_enable ;
; RF24_32bit:register_file|register_file[26][9]                        ; Stuck at GND due to stuck port clock_enable ;
; RF24_32bit:register_file|register_file[27][9]                        ; Stuck at GND due to stuck port clock_enable ;
; RF24_32bit:register_file|register_file[28][9]                        ; Stuck at GND due to stuck port clock_enable ;
; RF24_32bit:register_file|register_file[29][9]                        ; Stuck at GND due to stuck port clock_enable ;
; RF24_32bit:register_file|register_file[30][9]                        ; Stuck at GND due to stuck port clock_enable ;
; RF24_32bit:register_file|register_file[31][9]                        ; Stuck at GND due to stuck port clock_enable ;
; RF24_32bit:register_file|register_file[24][10]                       ; Stuck at GND due to stuck port clock_enable ;
; RF24_32bit:register_file|register_file[25][10]                       ; Stuck at GND due to stuck port clock_enable ;
; RF24_32bit:register_file|register_file[26][10]                       ; Stuck at GND due to stuck port clock_enable ;
; RF24_32bit:register_file|register_file[27][10]                       ; Stuck at GND due to stuck port clock_enable ;
; RF24_32bit:register_file|register_file[28][10]                       ; Stuck at GND due to stuck port clock_enable ;
; RF24_32bit:register_file|register_file[29][10]                       ; Stuck at GND due to stuck port clock_enable ;
; RF24_32bit:register_file|register_file[30][10]                       ; Stuck at GND due to stuck port clock_enable ;
; RF24_32bit:register_file|register_file[31][10]                       ; Stuck at GND due to stuck port clock_enable ;
; RF24_32bit:register_file|register_file[24][11]                       ; Stuck at GND due to stuck port clock_enable ;
; RF24_32bit:register_file|register_file[25][11]                       ; Stuck at GND due to stuck port clock_enable ;
; RF24_32bit:register_file|register_file[26][11]                       ; Stuck at GND due to stuck port clock_enable ;
; RF24_32bit:register_file|register_file[27][11]                       ; Stuck at GND due to stuck port clock_enable ;
; RF24_32bit:register_file|register_file[28][11]                       ; Stuck at GND due to stuck port clock_enable ;
; RF24_32bit:register_file|register_file[29][11]                       ; Stuck at GND due to stuck port clock_enable ;
; RF24_32bit:register_file|register_file[30][11]                       ; Stuck at GND due to stuck port clock_enable ;
; RF24_32bit:register_file|register_file[31][11]                       ; Stuck at GND due to stuck port clock_enable ;
; RF24_32bit:register_file|register_file[24][5]                        ; Stuck at GND due to stuck port clock_enable ;
; RF24_32bit:register_file|register_file[25][5]                        ; Stuck at GND due to stuck port clock_enable ;
; RF24_32bit:register_file|register_file[26][5]                        ; Stuck at GND due to stuck port clock_enable ;
; RF24_32bit:register_file|register_file[27][5]                        ; Stuck at GND due to stuck port clock_enable ;
; RF24_32bit:register_file|register_file[28][5]                        ; Stuck at GND due to stuck port clock_enable ;
; RF24_32bit:register_file|register_file[29][5]                        ; Stuck at GND due to stuck port clock_enable ;
; RF24_32bit:register_file|register_file[30][5]                        ; Stuck at GND due to stuck port clock_enable ;
; RF24_32bit:register_file|register_file[31][5]                        ; Stuck at GND due to stuck port clock_enable ;
; RF24_32bit:register_file|register_file[24][6]                        ; Stuck at GND due to stuck port clock_enable ;
; RF24_32bit:register_file|register_file[25][6]                        ; Stuck at GND due to stuck port clock_enable ;
; RF24_32bit:register_file|register_file[26][6]                        ; Stuck at GND due to stuck port clock_enable ;
; RF24_32bit:register_file|register_file[27][6]                        ; Stuck at GND due to stuck port clock_enable ;
; RF24_32bit:register_file|register_file[28][6]                        ; Stuck at GND due to stuck port clock_enable ;
; RF24_32bit:register_file|register_file[29][6]                        ; Stuck at GND due to stuck port clock_enable ;
; RF24_32bit:register_file|register_file[30][6]                        ; Stuck at GND due to stuck port clock_enable ;
; RF24_32bit:register_file|register_file[31][6]                        ; Stuck at GND due to stuck port clock_enable ;
; RF24_32bit:register_file|register_file[24][7]                        ; Stuck at GND due to stuck port clock_enable ;
; RF24_32bit:register_file|register_file[25][7]                        ; Stuck at GND due to stuck port clock_enable ;
; RF24_32bit:register_file|register_file[26][7]                        ; Stuck at GND due to stuck port clock_enable ;
; RF24_32bit:register_file|register_file[27][7]                        ; Stuck at GND due to stuck port clock_enable ;
; RF24_32bit:register_file|register_file[28][7]                        ; Stuck at GND due to stuck port clock_enable ;
; RF24_32bit:register_file|register_file[29][7]                        ; Stuck at GND due to stuck port clock_enable ;
; RF24_32bit:register_file|register_file[30][7]                        ; Stuck at GND due to stuck port clock_enable ;
; RF24_32bit:register_file|register_file[31][7]                        ; Stuck at GND due to stuck port clock_enable ;
; RF24_32bit:register_file|register_file[24][0]                        ; Stuck at GND due to stuck port clock_enable ;
; RF24_32bit:register_file|register_file[25][0]                        ; Stuck at GND due to stuck port clock_enable ;
; RF24_32bit:register_file|register_file[26][0]                        ; Stuck at GND due to stuck port clock_enable ;
; RF24_32bit:register_file|register_file[27][0]                        ; Stuck at GND due to stuck port clock_enable ;
; RF24_32bit:register_file|register_file[28][0]                        ; Stuck at GND due to stuck port clock_enable ;
; RF24_32bit:register_file|register_file[29][0]                        ; Stuck at GND due to stuck port clock_enable ;
; RF24_32bit:register_file|register_file[30][0]                        ; Stuck at GND due to stuck port clock_enable ;
; RF24_32bit:register_file|register_file[31][0]                        ; Stuck at GND due to stuck port clock_enable ;
; RF24_32bit:register_file|register_file[24][4]                        ; Stuck at GND due to stuck port clock_enable ;
; RF24_32bit:register_file|register_file[25][4]                        ; Stuck at GND due to stuck port clock_enable ;
; RF24_32bit:register_file|register_file[26][4]                        ; Stuck at GND due to stuck port clock_enable ;
; RF24_32bit:register_file|register_file[27][4]                        ; Stuck at GND due to stuck port clock_enable ;
; RF24_32bit:register_file|register_file[28][4]                        ; Stuck at GND due to stuck port clock_enable ;
; RF24_32bit:register_file|register_file[29][4]                        ; Stuck at GND due to stuck port clock_enable ;
; RF24_32bit:register_file|register_file[30][4]                        ; Stuck at GND due to stuck port clock_enable ;
; RF24_32bit:register_file|register_file[31][4]                        ; Stuck at GND due to stuck port clock_enable ;
; RF24_32bit:register_file|register_file[24][8]                        ; Stuck at GND due to stuck port clock_enable ;
; RF24_32bit:register_file|register_file[25][8]                        ; Stuck at GND due to stuck port clock_enable ;
; RF24_32bit:register_file|register_file[26][8]                        ; Stuck at GND due to stuck port clock_enable ;
; RF24_32bit:register_file|register_file[27][8]                        ; Stuck at GND due to stuck port clock_enable ;
; RF24_32bit:register_file|register_file[28][8]                        ; Stuck at GND due to stuck port clock_enable ;
; RF24_32bit:register_file|register_file[29][8]                        ; Stuck at GND due to stuck port clock_enable ;
; RF24_32bit:register_file|register_file[30][8]                        ; Stuck at GND due to stuck port clock_enable ;
; RF24_32bit:register_file|register_file[31][8]                        ; Stuck at GND due to stuck port clock_enable ;
; RF24_32bit:register_file|register_file[24][12]                       ; Stuck at GND due to stuck port clock_enable ;
; RF24_32bit:register_file|register_file[25][12]                       ; Stuck at GND due to stuck port clock_enable ;
; RF24_32bit:register_file|register_file[26][12]                       ; Stuck at GND due to stuck port clock_enable ;
; RF24_32bit:register_file|register_file[27][12]                       ; Stuck at GND due to stuck port clock_enable ;
; RF24_32bit:register_file|register_file[28][12]                       ; Stuck at GND due to stuck port clock_enable ;
; RF24_32bit:register_file|register_file[29][12]                       ; Stuck at GND due to stuck port clock_enable ;
; RF24_32bit:register_file|register_file[30][12]                       ; Stuck at GND due to stuck port clock_enable ;
; RF24_32bit:register_file|register_file[31][12]                       ; Stuck at GND due to stuck port clock_enable ;
; RF24_32bit:register_file|register_file[24][16]                       ; Stuck at GND due to stuck port clock_enable ;
; RF24_32bit:register_file|register_file[25][16]                       ; Stuck at GND due to stuck port clock_enable ;
; RF24_32bit:register_file|register_file[26][16]                       ; Stuck at GND due to stuck port clock_enable ;
; RF24_32bit:register_file|register_file[27][16]                       ; Stuck at GND due to stuck port clock_enable ;
; RF24_32bit:register_file|register_file[28][16]                       ; Stuck at GND due to stuck port clock_enable ;
; RF24_32bit:register_file|register_file[29][16]                       ; Stuck at GND due to stuck port clock_enable ;
; RF24_32bit:register_file|register_file[30][16]                       ; Stuck at GND due to stuck port clock_enable ;
; RF24_32bit:register_file|register_file[31][16]                       ; Stuck at GND due to stuck port clock_enable ;
; RF24_32bit:register_file|register_file[24][20]                       ; Stuck at GND due to stuck port clock_enable ;
; RF24_32bit:register_file|register_file[25][20]                       ; Stuck at GND due to stuck port clock_enable ;
; RF24_32bit:register_file|register_file[26][20]                       ; Stuck at GND due to stuck port clock_enable ;
; RF24_32bit:register_file|register_file[27][20]                       ; Stuck at GND due to stuck port clock_enable ;
; RF24_32bit:register_file|register_file[28][20]                       ; Stuck at GND due to stuck port clock_enable ;
; RF24_32bit:register_file|register_file[29][20]                       ; Stuck at GND due to stuck port clock_enable ;
; RF24_32bit:register_file|register_file[30][20]                       ; Stuck at GND due to stuck port clock_enable ;
; RF24_32bit:register_file|register_file[31][20]                       ; Stuck at GND due to stuck port clock_enable ;
; RF24_32bit:register_file|register_file[24][24]                       ; Stuck at GND due to stuck port clock_enable ;
; RF24_32bit:register_file|register_file[25][24]                       ; Stuck at GND due to stuck port clock_enable ;
; RF24_32bit:register_file|register_file[26][24]                       ; Stuck at GND due to stuck port clock_enable ;
; RF24_32bit:register_file|register_file[27][24]                       ; Stuck at GND due to stuck port clock_enable ;
; RF24_32bit:register_file|register_file[28][24]                       ; Stuck at GND due to stuck port clock_enable ;
; RF24_32bit:register_file|register_file[29][24]                       ; Stuck at GND due to stuck port clock_enable ;
; RF24_32bit:register_file|register_file[30][24]                       ; Stuck at GND due to stuck port clock_enable ;
; RF24_32bit:register_file|register_file[31][24]                       ; Stuck at GND due to stuck port clock_enable ;
; RF24_32bit:register_file|register_file[24][28]                       ; Stuck at GND due to stuck port clock_enable ;
; RF24_32bit:register_file|register_file[25][28]                       ; Stuck at GND due to stuck port clock_enable ;
; RF24_32bit:register_file|register_file[26][28]                       ; Stuck at GND due to stuck port clock_enable ;
; RF24_32bit:register_file|register_file[27][28]                       ; Stuck at GND due to stuck port clock_enable ;
; RF24_32bit:register_file|register_file[28][28]                       ; Stuck at GND due to stuck port clock_enable ;
; RF24_32bit:register_file|register_file[29][28]                       ; Stuck at GND due to stuck port clock_enable ;
; RF24_32bit:register_file|register_file[30][28]                       ; Stuck at GND due to stuck port clock_enable ;
; RF24_32bit:register_file|register_file[31][28]                       ; Stuck at GND due to stuck port clock_enable ;
; PC_32bit:program_counter|output_pc[0,1]                              ; Stuck at GND due to stuck port data_in      ;
; VGA_RISCV_Debug_Panel:vga_display|pc_vga[0,1]                        ; Stuck at GND due to stuck port data_in      ;
; RF24_32bit:register_file|register_file[3][31]                        ; Stuck at GND due to stuck port clock_enable ;
; RF24_32bit:register_file|register_file[2][31]                        ; Stuck at GND due to stuck port clock_enable ;
; RF24_32bit:register_file|register_file[3][30]                        ; Stuck at GND due to stuck port clock_enable ;
; RF24_32bit:register_file|register_file[2][30]                        ; Stuck at GND due to stuck port clock_enable ;
; RF24_32bit:register_file|register_file[3][29]                        ; Stuck at GND due to stuck port clock_enable ;
; RF24_32bit:register_file|register_file[2][29]                        ; Stuck at GND due to stuck port clock_enable ;
; RF24_32bit:register_file|register_file[3][28]                        ; Stuck at GND due to stuck port clock_enable ;
; RF24_32bit:register_file|register_file[2][28]                        ; Stuck at GND due to stuck port clock_enable ;
; RF24_32bit:register_file|register_file[3][27]                        ; Stuck at GND due to stuck port clock_enable ;
; RF24_32bit:register_file|register_file[2][27]                        ; Stuck at GND due to stuck port clock_enable ;
; RF24_32bit:register_file|register_file[3][26]                        ; Stuck at GND due to stuck port clock_enable ;
; RF24_32bit:register_file|register_file[2][26]                        ; Stuck at GND due to stuck port clock_enable ;
; RF24_32bit:register_file|register_file[3][25]                        ; Stuck at GND due to stuck port clock_enable ;
; RF24_32bit:register_file|register_file[2][25]                        ; Stuck at GND due to stuck port clock_enable ;
; RF24_32bit:register_file|register_file[3][24]                        ; Stuck at GND due to stuck port clock_enable ;
; RF24_32bit:register_file|register_file[2][24]                        ; Stuck at GND due to stuck port clock_enable ;
; RF24_32bit:register_file|register_file[3][23]                        ; Stuck at GND due to stuck port clock_enable ;
; RF24_32bit:register_file|register_file[2][23]                        ; Stuck at GND due to stuck port clock_enable ;
; RF24_32bit:register_file|register_file[3][22]                        ; Stuck at GND due to stuck port clock_enable ;
; RF24_32bit:register_file|register_file[2][22]                        ; Stuck at GND due to stuck port clock_enable ;
; RF24_32bit:register_file|register_file[3][21]                        ; Stuck at GND due to stuck port clock_enable ;
; RF24_32bit:register_file|register_file[2][21]                        ; Stuck at GND due to stuck port clock_enable ;
; RF24_32bit:register_file|register_file[3][20]                        ; Stuck at GND due to stuck port clock_enable ;
; RF24_32bit:register_file|register_file[2][20]                        ; Stuck at GND due to stuck port clock_enable ;
; RF24_32bit:register_file|register_file[3][19]                        ; Stuck at GND due to stuck port clock_enable ;
; RF24_32bit:register_file|register_file[2][19]                        ; Stuck at GND due to stuck port clock_enable ;
; RF24_32bit:register_file|register_file[3][18]                        ; Stuck at GND due to stuck port clock_enable ;
; RF24_32bit:register_file|register_file[2][18]                        ; Stuck at GND due to stuck port clock_enable ;
; RF24_32bit:register_file|register_file[3][17]                        ; Stuck at GND due to stuck port clock_enable ;
; RF24_32bit:register_file|register_file[2][17]                        ; Stuck at GND due to stuck port clock_enable ;
; RF24_32bit:register_file|register_file[3][16]                        ; Stuck at GND due to stuck port clock_enable ;
; RF24_32bit:register_file|register_file[2][16]                        ; Stuck at GND due to stuck port clock_enable ;
; RF24_32bit:register_file|register_file[3][15]                        ; Stuck at GND due to stuck port clock_enable ;
; RF24_32bit:register_file|register_file[2][15]                        ; Stuck at GND due to stuck port clock_enable ;
; RF24_32bit:register_file|register_file[3][14]                        ; Stuck at GND due to stuck port clock_enable ;
; RF24_32bit:register_file|register_file[2][14]                        ; Stuck at GND due to stuck port clock_enable ;
; RF24_32bit:register_file|register_file[3][13]                        ; Stuck at GND due to stuck port clock_enable ;
; RF24_32bit:register_file|register_file[2][13]                        ; Stuck at GND due to stuck port clock_enable ;
; RF24_32bit:register_file|register_file[3][12]                        ; Stuck at GND due to stuck port clock_enable ;
; RF24_32bit:register_file|register_file[2][12]                        ; Stuck at GND due to stuck port clock_enable ;
; RF24_32bit:register_file|register_file[3][11]                        ; Stuck at GND due to stuck port clock_enable ;
; RF24_32bit:register_file|register_file[2][11]                        ; Stuck at GND due to stuck port clock_enable ;
; RF24_32bit:register_file|register_file[3][10]                        ; Stuck at GND due to stuck port clock_enable ;
; RF24_32bit:register_file|register_file[2][10]                        ; Stuck at GND due to stuck port clock_enable ;
; RF24_32bit:register_file|register_file[3][9]                         ; Stuck at GND due to stuck port clock_enable ;
; RF24_32bit:register_file|register_file[2][9]                         ; Stuck at GND due to stuck port clock_enable ;
; RF24_32bit:register_file|register_file[3][8]                         ; Stuck at GND due to stuck port clock_enable ;
; RF24_32bit:register_file|register_file[2][8]                         ; Stuck at GND due to stuck port clock_enable ;
; RF24_32bit:register_file|register_file[3][7]                         ; Stuck at GND due to stuck port clock_enable ;
; RF24_32bit:register_file|register_file[2][7]                         ; Stuck at GND due to stuck port clock_enable ;
; RF24_32bit:register_file|register_file[3][6]                         ; Stuck at GND due to stuck port clock_enable ;
; RF24_32bit:register_file|register_file[2][6]                         ; Stuck at GND due to stuck port clock_enable ;
; RF24_32bit:register_file|register_file[3][5]                         ; Stuck at GND due to stuck port clock_enable ;
; RF24_32bit:register_file|register_file[2][5]                         ; Stuck at GND due to stuck port clock_enable ;
; RF24_32bit:register_file|register_file[3][4]                         ; Stuck at GND due to stuck port clock_enable ;
; RF24_32bit:register_file|register_file[2][4]                         ; Stuck at GND due to stuck port clock_enable ;
; RF24_32bit:register_file|register_file[3][3]                         ; Stuck at GND due to stuck port clock_enable ;
; RF24_32bit:register_file|register_file[2][3]                         ; Stuck at GND due to stuck port clock_enable ;
; RF24_32bit:register_file|register_file[3][2]                         ; Stuck at GND due to stuck port clock_enable ;
; RF24_32bit:register_file|register_file[2][2]                         ; Stuck at GND due to stuck port clock_enable ;
; RF24_32bit:register_file|register_file[3][1]                         ; Stuck at GND due to stuck port clock_enable ;
; RF24_32bit:register_file|register_file[2][1]                         ; Stuck at GND due to stuck port clock_enable ;
; RF24_32bit:register_file|register_file[3][0]                         ; Stuck at GND due to stuck port clock_enable ;
; RF24_32bit:register_file|register_file[2][0]                         ; Stuck at GND due to stuck port clock_enable ;
; RF24_32bit:register_file|register_file[6][29]                        ; Stuck at GND due to stuck port clock_enable ;
; RF24_32bit:register_file|register_file[7][29]                        ; Stuck at GND due to stuck port clock_enable ;
; RF24_32bit:register_file|register_file[6][30]                        ; Stuck at GND due to stuck port clock_enable ;
; RF24_32bit:register_file|register_file[7][30]                        ; Stuck at GND due to stuck port clock_enable ;
; RF24_32bit:register_file|register_file[6][31]                        ; Stuck at GND due to stuck port clock_enable ;
; RF24_32bit:register_file|register_file[7][31]                        ; Stuck at GND due to stuck port clock_enable ;
; RF24_32bit:register_file|register_file[6][25]                        ; Stuck at GND due to stuck port clock_enable ;
; RF24_32bit:register_file|register_file[7][25]                        ; Stuck at GND due to stuck port clock_enable ;
; RF24_32bit:register_file|register_file[6][26]                        ; Stuck at GND due to stuck port clock_enable ;
; RF24_32bit:register_file|register_file[7][26]                        ; Stuck at GND due to stuck port clock_enable ;
; RF24_32bit:register_file|register_file[6][27]                        ; Stuck at GND due to stuck port clock_enable ;
; RF24_32bit:register_file|register_file[7][27]                        ; Stuck at GND due to stuck port clock_enable ;
; RF24_32bit:register_file|register_file[6][21]                        ; Stuck at GND due to stuck port clock_enable ;
; RF24_32bit:register_file|register_file[7][21]                        ; Stuck at GND due to stuck port clock_enable ;
; RF24_32bit:register_file|register_file[6][22]                        ; Stuck at GND due to stuck port clock_enable ;
; RF24_32bit:register_file|register_file[7][22]                        ; Stuck at GND due to stuck port clock_enable ;
; RF24_32bit:register_file|register_file[6][23]                        ; Stuck at GND due to stuck port clock_enable ;
; RF24_32bit:register_file|register_file[7][23]                        ; Stuck at GND due to stuck port clock_enable ;
; RF24_32bit:register_file|register_file[6][17]                        ; Stuck at GND due to stuck port clock_enable ;
; RF24_32bit:register_file|register_file[7][17]                        ; Stuck at GND due to stuck port clock_enable ;
; RF24_32bit:register_file|register_file[6][18]                        ; Stuck at GND due to stuck port clock_enable ;
; RF24_32bit:register_file|register_file[7][18]                        ; Stuck at GND due to stuck port clock_enable ;
; RF24_32bit:register_file|register_file[6][19]                        ; Stuck at GND due to stuck port clock_enable ;
; RF24_32bit:register_file|register_file[7][19]                        ; Stuck at GND due to stuck port clock_enable ;
; RF24_32bit:register_file|register_file[6][13]                        ; Stuck at GND due to stuck port clock_enable ;
; RF24_32bit:register_file|register_file[7][13]                        ; Stuck at GND due to stuck port clock_enable ;
; RF24_32bit:register_file|register_file[6][14]                        ; Stuck at GND due to stuck port clock_enable ;
; RF24_32bit:register_file|register_file[7][14]                        ; Stuck at GND due to stuck port clock_enable ;
; RF24_32bit:register_file|register_file[6][15]                        ; Stuck at GND due to stuck port clock_enable ;
; RF24_32bit:register_file|register_file[7][15]                        ; Stuck at GND due to stuck port clock_enable ;
; RF24_32bit:register_file|register_file[6][1]                         ; Stuck at GND due to stuck port clock_enable ;
; RF24_32bit:register_file|register_file[7][1]                         ; Stuck at GND due to stuck port clock_enable ;
; RF24_32bit:register_file|register_file[6][2]                         ; Stuck at GND due to stuck port clock_enable ;
; RF24_32bit:register_file|register_file[7][2]                         ; Stuck at GND due to stuck port clock_enable ;
; RF24_32bit:register_file|register_file[6][3]                         ; Stuck at GND due to stuck port clock_enable ;
; RF24_32bit:register_file|register_file[7][3]                         ; Stuck at GND due to stuck port clock_enable ;
; RF24_32bit:register_file|register_file[6][9]                         ; Stuck at GND due to stuck port clock_enable ;
; RF24_32bit:register_file|register_file[7][9]                         ; Stuck at GND due to stuck port clock_enable ;
; RF24_32bit:register_file|register_file[6][10]                        ; Stuck at GND due to stuck port clock_enable ;
; RF24_32bit:register_file|register_file[7][10]                        ; Stuck at GND due to stuck port clock_enable ;
; RF24_32bit:register_file|register_file[6][11]                        ; Stuck at GND due to stuck port clock_enable ;
; RF24_32bit:register_file|register_file[7][11]                        ; Stuck at GND due to stuck port clock_enable ;
; RF24_32bit:register_file|register_file[6][5]                         ; Stuck at GND due to stuck port clock_enable ;
; RF24_32bit:register_file|register_file[7][5]                         ; Stuck at GND due to stuck port clock_enable ;
; RF24_32bit:register_file|register_file[6][6]                         ; Stuck at GND due to stuck port clock_enable ;
; RF24_32bit:register_file|register_file[7][6]                         ; Stuck at GND due to stuck port clock_enable ;
; RF24_32bit:register_file|register_file[6][7]                         ; Stuck at GND due to stuck port clock_enable ;
; RF24_32bit:register_file|register_file[7][7]                         ; Stuck at GND due to stuck port clock_enable ;
; RF24_32bit:register_file|register_file[6][0]                         ; Stuck at GND due to stuck port clock_enable ;
; RF24_32bit:register_file|register_file[7][0]                         ; Stuck at GND due to stuck port clock_enable ;
; RF24_32bit:register_file|register_file[6][4]                         ; Stuck at GND due to stuck port clock_enable ;
; RF24_32bit:register_file|register_file[7][4]                         ; Stuck at GND due to stuck port clock_enable ;
; RF24_32bit:register_file|register_file[6][8]                         ; Stuck at GND due to stuck port clock_enable ;
; RF24_32bit:register_file|register_file[7][8]                         ; Stuck at GND due to stuck port clock_enable ;
; RF24_32bit:register_file|register_file[6][12]                        ; Stuck at GND due to stuck port clock_enable ;
; RF24_32bit:register_file|register_file[7][12]                        ; Stuck at GND due to stuck port clock_enable ;
; RF24_32bit:register_file|register_file[6][16]                        ; Stuck at GND due to stuck port clock_enable ;
; RF24_32bit:register_file|register_file[7][16]                        ; Stuck at GND due to stuck port clock_enable ;
; RF24_32bit:register_file|register_file[6][20]                        ; Stuck at GND due to stuck port clock_enable ;
; RF24_32bit:register_file|register_file[7][20]                        ; Stuck at GND due to stuck port clock_enable ;
; RF24_32bit:register_file|register_file[6][24]                        ; Stuck at GND due to stuck port clock_enable ;
; RF24_32bit:register_file|register_file[7][24]                        ; Stuck at GND due to stuck port clock_enable ;
; RF24_32bit:register_file|register_file[6][28]                        ; Stuck at GND due to stuck port clock_enable ;
; RF24_32bit:register_file|register_file[7][28]                        ; Stuck at GND due to stuck port clock_enable ;
; RF24_32bit:register_file|register_file[1][0]                         ; Stuck at GND due to stuck port data_in      ;
; RF24_32bit:register_file|register_file[4][0]                         ; Stuck at GND due to stuck port data_in      ;
; RF24_32bit:register_file|register_file[5][0]                         ; Stuck at GND due to stuck port data_in      ;
; VGA_RISCV_Debug_Panel:vga_display|vga_reg_data_captured[0]           ; Stuck at GND due to stuck port data_in      ;
; RF24_32bit:register_file|register_file[1][14]                        ; Stuck at GND due to stuck port clock_enable ;
; RF24_32bit:register_file|register_file[1][15]                        ; Stuck at GND due to stuck port clock_enable ;
; RF24_32bit:register_file|register_file[1][16]                        ; Stuck at GND due to stuck port clock_enable ;
; RF24_32bit:register_file|register_file[1][18]                        ; Stuck at GND due to stuck port clock_enable ;
; RF24_32bit:register_file|register_file[1][19]                        ; Stuck at GND due to stuck port clock_enable ;
; RF24_32bit:register_file|register_file[1][20]                        ; Stuck at GND due to stuck port clock_enable ;
; RF24_32bit:register_file|register_file[1][21]                        ; Stuck at GND due to stuck port clock_enable ;
; RF24_32bit:register_file|register_file[1][17]                        ; Stuck at GND due to stuck port clock_enable ;
; RF24_32bit:register_file|register_file[1][22]                        ; Stuck at GND due to stuck port clock_enable ;
; RF24_32bit:register_file|register_file[1][23]                        ; Stuck at GND due to stuck port clock_enable ;
; RF24_32bit:register_file|register_file[1][24]                        ; Stuck at GND due to stuck port clock_enable ;
; RF24_32bit:register_file|register_file[1][25]                        ; Stuck at GND due to stuck port clock_enable ;
; RF24_32bit:register_file|register_file[1][26]                        ; Stuck at GND due to stuck port clock_enable ;
; RF24_32bit:register_file|register_file[1][27]                        ; Stuck at GND due to stuck port clock_enable ;
; RF24_32bit:register_file|register_file[1][29]                        ; Stuck at GND due to stuck port clock_enable ;
; RF24_32bit:register_file|register_file[1][30]                        ; Stuck at GND due to stuck port clock_enable ;
; RF24_32bit:register_file|register_file[1][28]                        ; Stuck at GND due to stuck port clock_enable ;
; RF24_32bit:register_file|register_file[1][31]                        ; Stuck at GND due to stuck port clock_enable ;
; RF24_32bit:register_file|register_file[1][1]                         ; Stuck at GND due to stuck port clock_enable ;
; RF24_32bit:register_file|register_file[1][8]                         ; Stuck at GND due to stuck port clock_enable ;
; RF24_32bit:register_file|register_file[1][2]                         ; Stuck at GND due to stuck port clock_enable ;
; RF24_32bit:register_file|register_file[1][3]                         ; Stuck at GND due to stuck port clock_enable ;
; RF24_32bit:register_file|register_file[1][4]                         ; Stuck at GND due to stuck port clock_enable ;
; RF24_32bit:register_file|register_file[1][5]                         ; Stuck at GND due to stuck port clock_enable ;
; RF24_32bit:register_file|register_file[1][6]                         ; Stuck at GND due to stuck port clock_enable ;
; RF24_32bit:register_file|register_file[1][7]                         ; Stuck at GND due to stuck port clock_enable ;
; RF24_32bit:register_file|register_file[1][9]                         ; Stuck at GND due to stuck port clock_enable ;
; RF24_32bit:register_file|register_file[1][10]                        ; Stuck at GND due to stuck port clock_enable ;
; RF24_32bit:register_file|register_file[1][11]                        ; Stuck at GND due to stuck port clock_enable ;
; RF24_32bit:register_file|register_file[1][12]                        ; Stuck at GND due to stuck port clock_enable ;
; RF24_32bit:register_file|register_file[1][13]                        ; Stuck at GND due to stuck port clock_enable ;
; RF24_32bit:register_file|register_file[5][29]                        ; Stuck at GND due to stuck port clock_enable ;
; RF24_32bit:register_file|register_file[5][30]                        ; Stuck at GND due to stuck port clock_enable ;
; RF24_32bit:register_file|register_file[5][31]                        ; Stuck at GND due to stuck port clock_enable ;
; RF24_32bit:register_file|register_file[5][25]                        ; Stuck at GND due to stuck port clock_enable ;
; RF24_32bit:register_file|register_file[5][26]                        ; Stuck at GND due to stuck port clock_enable ;
; RF24_32bit:register_file|register_file[5][27]                        ; Stuck at GND due to stuck port clock_enable ;
; RF24_32bit:register_file|register_file[5][21]                        ; Stuck at GND due to stuck port clock_enable ;
; RF24_32bit:register_file|register_file[5][22]                        ; Stuck at GND due to stuck port clock_enable ;
; RF24_32bit:register_file|register_file[5][23]                        ; Stuck at GND due to stuck port clock_enable ;
; RF24_32bit:register_file|register_file[5][17]                        ; Stuck at GND due to stuck port clock_enable ;
; RF24_32bit:register_file|register_file[5][18]                        ; Stuck at GND due to stuck port clock_enable ;
; RF24_32bit:register_file|register_file[5][19]                        ; Stuck at GND due to stuck port clock_enable ;
; RF24_32bit:register_file|register_file[5][13]                        ; Stuck at GND due to stuck port clock_enable ;
; RF24_32bit:register_file|register_file[5][14]                        ; Stuck at GND due to stuck port clock_enable ;
; RF24_32bit:register_file|register_file[5][15]                        ; Stuck at GND due to stuck port clock_enable ;
; RF24_32bit:register_file|register_file[5][1]                         ; Stuck at GND due to stuck port clock_enable ;
; RF24_32bit:register_file|register_file[5][2]                         ; Stuck at GND due to stuck port clock_enable ;
; RF24_32bit:register_file|register_file[5][3]                         ; Stuck at GND due to stuck port clock_enable ;
; RF24_32bit:register_file|register_file[5][9]                         ; Stuck at GND due to stuck port clock_enable ;
; RF24_32bit:register_file|register_file[5][10]                        ; Stuck at GND due to stuck port clock_enable ;
; RF24_32bit:register_file|register_file[5][11]                        ; Stuck at GND due to stuck port clock_enable ;
; RF24_32bit:register_file|register_file[5][5]                         ; Stuck at GND due to stuck port clock_enable ;
; RF24_32bit:register_file|register_file[5][6]                         ; Stuck at GND due to stuck port clock_enable ;
; RF24_32bit:register_file|register_file[5][7]                         ; Stuck at GND due to stuck port clock_enable ;
; RF24_32bit:register_file|register_file[5][4]                         ; Stuck at GND due to stuck port clock_enable ;
; RF24_32bit:register_file|register_file[5][8]                         ; Stuck at GND due to stuck port clock_enable ;
; RF24_32bit:register_file|register_file[5][12]                        ; Stuck at GND due to stuck port clock_enable ;
; RF24_32bit:register_file|register_file[5][16]                        ; Stuck at GND due to stuck port clock_enable ;
; RF24_32bit:register_file|register_file[5][20]                        ; Stuck at GND due to stuck port clock_enable ;
; RF24_32bit:register_file|register_file[5][24]                        ; Stuck at GND due to stuck port clock_enable ;
; RF24_32bit:register_file|register_file[5][28]                        ; Stuck at GND due to stuck port clock_enable ;
; RF24_32bit:register_file|register_file[4][29]                        ; Stuck at GND due to stuck port data_in      ;
; RF24_32bit:register_file|register_file[4][30]                        ; Stuck at GND due to stuck port data_in      ;
; RF24_32bit:register_file|register_file[4][31]                        ; Stuck at GND due to stuck port data_in      ;
; RF24_32bit:register_file|register_file[4][25]                        ; Stuck at GND due to stuck port data_in      ;
; RF24_32bit:register_file|register_file[4][26]                        ; Stuck at GND due to stuck port data_in      ;
; RF24_32bit:register_file|register_file[4][27]                        ; Stuck at GND due to stuck port data_in      ;
; RF24_32bit:register_file|register_file[4][21]                        ; Stuck at GND due to stuck port data_in      ;
; RF24_32bit:register_file|register_file[4][22]                        ; Stuck at GND due to stuck port data_in      ;
; RF24_32bit:register_file|register_file[4][23]                        ; Stuck at GND due to stuck port data_in      ;
; RF24_32bit:register_file|register_file[4][17]                        ; Stuck at GND due to stuck port data_in      ;
; RF24_32bit:register_file|register_file[4][18]                        ; Stuck at GND due to stuck port data_in      ;
; RF24_32bit:register_file|register_file[4][19]                        ; Stuck at GND due to stuck port data_in      ;
; RF24_32bit:register_file|register_file[4][13]                        ; Stuck at GND due to stuck port data_in      ;
; RF24_32bit:register_file|register_file[4][14]                        ; Stuck at GND due to stuck port data_in      ;
; RF24_32bit:register_file|register_file[4][15]                        ; Stuck at GND due to stuck port data_in      ;
; RF24_32bit:register_file|register_file[4][2]                         ; Stuck at GND due to stuck port data_in      ;
; RF24_32bit:register_file|register_file[4][3]                         ; Stuck at GND due to stuck port data_in      ;
; RF24_32bit:register_file|register_file[4][9]                         ; Stuck at GND due to stuck port data_in      ;
; RF24_32bit:register_file|register_file[4][11]                        ; Stuck at GND due to stuck port data_in      ;
; RF24_32bit:register_file|register_file[4][5]                         ; Stuck at GND due to stuck port data_in      ;
; RF24_32bit:register_file|register_file[4][6]                         ; Stuck at GND due to stuck port data_in      ;
; RF24_32bit:register_file|register_file[4][7]                         ; Stuck at GND due to stuck port data_in      ;
; RF24_32bit:register_file|register_file[4][4]                         ; Stuck at GND due to stuck port data_in      ;
; RF24_32bit:register_file|register_file[4][8]                         ; Stuck at GND due to stuck port data_in      ;
; RF24_32bit:register_file|register_file[4][12]                        ; Stuck at GND due to stuck port data_in      ;
; RF24_32bit:register_file|register_file[4][16]                        ; Stuck at GND due to stuck port data_in      ;
; RF24_32bit:register_file|register_file[4][20]                        ; Stuck at GND due to stuck port data_in      ;
; RF24_32bit:register_file|register_file[4][24]                        ; Stuck at GND due to stuck port data_in      ;
; RF24_32bit:register_file|register_file[4][28]                        ; Stuck at GND due to stuck port data_in      ;
; VGA_RISCV_Debug_Panel:vga_display|vga_reg_data_captured[2..9,11..31] ; Stuck at GND due to stuck port data_in      ;
; RF24_32bit:register_file|register_file[4][10]                        ; Stuck at GND due to stuck port data_in      ;
; VGA_RISCV_Debug_Panel:vga_display|vga_reg_data_captured[10]          ; Stuck at GND due to stuck port data_in      ;
; RF24_32bit:register_file|register_file[4][1]                         ; Stuck at GND due to stuck port data_in      ;
; VGA_RISCV_Debug_Panel:vga_display|vga_reg_data_captured[1]           ; Stuck at GND due to stuck port data_in      ;
; Total Number of Removed Registers = 1060                             ;                                             ;
+----------------------------------------------------------------------+---------------------------------------------+


+-----------------------------------------------------------------------------------------------------------------------------------------------+
; Removed Registers Triggering Further Register Optimizations                                                                                   ;
+------------------------------------------------+--------------------------------+-------------------------------------------------------------+
; Register name                                  ; Reason for Removal             ; Registers Removed due to This Register                      ;
+------------------------------------------------+--------------------------------+-------------------------------------------------------------+
; RF24_32bit:register_file|register_file[0][3]   ; Stuck at GND                   ; RF24_32bit:register_file|register_file[24][25],             ;
;                                                ; due to stuck port clock_enable ; RF24_32bit:register_file|register_file[25][25],             ;
;                                                ;                                ; RF24_32bit:register_file|register_file[26][25],             ;
;                                                ;                                ; RF24_32bit:register_file|register_file[27][25],             ;
;                                                ;                                ; RF24_32bit:register_file|register_file[28][25],             ;
;                                                ;                                ; RF24_32bit:register_file|register_file[29][25],             ;
;                                                ;                                ; RF24_32bit:register_file|register_file[30][25],             ;
;                                                ;                                ; RF24_32bit:register_file|register_file[31][25],             ;
;                                                ;                                ; RF24_32bit:register_file|register_file[24][26],             ;
;                                                ;                                ; RF24_32bit:register_file|register_file[25][26],             ;
;                                                ;                                ; RF24_32bit:register_file|register_file[26][26],             ;
;                                                ;                                ; RF24_32bit:register_file|register_file[27][26],             ;
;                                                ;                                ; RF24_32bit:register_file|register_file[28][26],             ;
;                                                ;                                ; RF24_32bit:register_file|register_file[29][26],             ;
;                                                ;                                ; RF24_32bit:register_file|register_file[30][26],             ;
;                                                ;                                ; RF24_32bit:register_file|register_file[31][26],             ;
;                                                ;                                ; RF24_32bit:register_file|register_file[24][27],             ;
;                                                ;                                ; RF24_32bit:register_file|register_file[25][27],             ;
;                                                ;                                ; RF24_32bit:register_file|register_file[26][27],             ;
;                                                ;                                ; RF24_32bit:register_file|register_file[27][27],             ;
;                                                ;                                ; RF24_32bit:register_file|register_file[28][27],             ;
;                                                ;                                ; RF24_32bit:register_file|register_file[29][27],             ;
;                                                ;                                ; RF24_32bit:register_file|register_file[30][27],             ;
;                                                ;                                ; RF24_32bit:register_file|register_file[31][27],             ;
;                                                ;                                ; RF24_32bit:register_file|register_file[24][21],             ;
;                                                ;                                ; RF24_32bit:register_file|register_file[25][21],             ;
;                                                ;                                ; RF24_32bit:register_file|register_file[26][21],             ;
;                                                ;                                ; RF24_32bit:register_file|register_file[27][21],             ;
;                                                ;                                ; RF24_32bit:register_file|register_file[28][21],             ;
;                                                ;                                ; RF24_32bit:register_file|register_file[29][21],             ;
;                                                ;                                ; RF24_32bit:register_file|register_file[30][21],             ;
;                                                ;                                ; RF24_32bit:register_file|register_file[31][21],             ;
;                                                ;                                ; RF24_32bit:register_file|register_file[24][22],             ;
;                                                ;                                ; RF24_32bit:register_file|register_file[25][22],             ;
;                                                ;                                ; RF24_32bit:register_file|register_file[26][22],             ;
;                                                ;                                ; RF24_32bit:register_file|register_file[27][22],             ;
;                                                ;                                ; RF24_32bit:register_file|register_file[28][22],             ;
;                                                ;                                ; RF24_32bit:register_file|register_file[29][22],             ;
;                                                ;                                ; RF24_32bit:register_file|register_file[30][22],             ;
;                                                ;                                ; RF24_32bit:register_file|register_file[31][22],             ;
;                                                ;                                ; RF24_32bit:register_file|register_file[24][23],             ;
;                                                ;                                ; RF24_32bit:register_file|register_file[25][23],             ;
;                                                ;                                ; RF24_32bit:register_file|register_file[26][23],             ;
;                                                ;                                ; RF24_32bit:register_file|register_file[27][23],             ;
;                                                ;                                ; RF24_32bit:register_file|register_file[28][23],             ;
;                                                ;                                ; RF24_32bit:register_file|register_file[29][23],             ;
;                                                ;                                ; RF24_32bit:register_file|register_file[30][23],             ;
;                                                ;                                ; RF24_32bit:register_file|register_file[31][23],             ;
;                                                ;                                ; RF24_32bit:register_file|register_file[24][9],              ;
;                                                ;                                ; RF24_32bit:register_file|register_file[25][9],              ;
;                                                ;                                ; RF24_32bit:register_file|register_file[26][9],              ;
;                                                ;                                ; RF24_32bit:register_file|register_file[27][9],              ;
;                                                ;                                ; RF24_32bit:register_file|register_file[28][9],              ;
;                                                ;                                ; RF24_32bit:register_file|register_file[29][9],              ;
;                                                ;                                ; RF24_32bit:register_file|register_file[30][9],              ;
;                                                ;                                ; RF24_32bit:register_file|register_file[31][9],              ;
;                                                ;                                ; RF24_32bit:register_file|register_file[24][10],             ;
;                                                ;                                ; RF24_32bit:register_file|register_file[25][10],             ;
;                                                ;                                ; RF24_32bit:register_file|register_file[26][10],             ;
;                                                ;                                ; RF24_32bit:register_file|register_file[27][10],             ;
;                                                ;                                ; RF24_32bit:register_file|register_file[28][10],             ;
;                                                ;                                ; RF24_32bit:register_file|register_file[29][10],             ;
;                                                ;                                ; RF24_32bit:register_file|register_file[30][10],             ;
;                                                ;                                ; RF24_32bit:register_file|register_file[31][10],             ;
;                                                ;                                ; RF24_32bit:register_file|register_file[24][11],             ;
;                                                ;                                ; RF24_32bit:register_file|register_file[25][11],             ;
;                                                ;                                ; RF24_32bit:register_file|register_file[26][11],             ;
;                                                ;                                ; RF24_32bit:register_file|register_file[27][11],             ;
;                                                ;                                ; RF24_32bit:register_file|register_file[28][11],             ;
;                                                ;                                ; RF24_32bit:register_file|register_file[29][11],             ;
;                                                ;                                ; RF24_32bit:register_file|register_file[30][11],             ;
;                                                ;                                ; RF24_32bit:register_file|register_file[31][11],             ;
;                                                ;                                ; RF24_32bit:register_file|register_file[24][5],              ;
;                                                ;                                ; RF24_32bit:register_file|register_file[25][5],              ;
;                                                ;                                ; RF24_32bit:register_file|register_file[26][5],              ;
;                                                ;                                ; RF24_32bit:register_file|register_file[27][5],              ;
;                                                ;                                ; RF24_32bit:register_file|register_file[28][5],              ;
;                                                ;                                ; RF24_32bit:register_file|register_file[29][5],              ;
;                                                ;                                ; RF24_32bit:register_file|register_file[30][5],              ;
;                                                ;                                ; RF24_32bit:register_file|register_file[31][5],              ;
;                                                ;                                ; RF24_32bit:register_file|register_file[24][6],              ;
;                                                ;                                ; RF24_32bit:register_file|register_file[25][6],              ;
;                                                ;                                ; RF24_32bit:register_file|register_file[26][6],              ;
;                                                ;                                ; RF24_32bit:register_file|register_file[27][6],              ;
;                                                ;                                ; RF24_32bit:register_file|register_file[28][6],              ;
;                                                ;                                ; RF24_32bit:register_file|register_file[29][6],              ;
;                                                ;                                ; RF24_32bit:register_file|register_file[30][6],              ;
;                                                ;                                ; RF24_32bit:register_file|register_file[31][6],              ;
;                                                ;                                ; RF24_32bit:register_file|register_file[24][7],              ;
;                                                ;                                ; RF24_32bit:register_file|register_file[25][7],              ;
;                                                ;                                ; RF24_32bit:register_file|register_file[26][7],              ;
;                                                ;                                ; RF24_32bit:register_file|register_file[27][7],              ;
;                                                ;                                ; RF24_32bit:register_file|register_file[28][7],              ;
;                                                ;                                ; RF24_32bit:register_file|register_file[29][7],              ;
;                                                ;                                ; RF24_32bit:register_file|register_file[30][7],              ;
;                                                ;                                ; RF24_32bit:register_file|register_file[31][7],              ;
;                                                ;                                ; RF24_32bit:register_file|register_file[24][4],              ;
;                                                ;                                ; RF24_32bit:register_file|register_file[25][4],              ;
;                                                ;                                ; RF24_32bit:register_file|register_file[26][4],              ;
;                                                ;                                ; RF24_32bit:register_file|register_file[27][4],              ;
;                                                ;                                ; RF24_32bit:register_file|register_file[28][4],              ;
;                                                ;                                ; RF24_32bit:register_file|register_file[29][4],              ;
;                                                ;                                ; RF24_32bit:register_file|register_file[30][4],              ;
;                                                ;                                ; RF24_32bit:register_file|register_file[31][4],              ;
;                                                ;                                ; RF24_32bit:register_file|register_file[24][8],              ;
;                                                ;                                ; RF24_32bit:register_file|register_file[25][8],              ;
;                                                ;                                ; RF24_32bit:register_file|register_file[26][8],              ;
;                                                ;                                ; RF24_32bit:register_file|register_file[27][8],              ;
;                                                ;                                ; RF24_32bit:register_file|register_file[28][8],              ;
;                                                ;                                ; RF24_32bit:register_file|register_file[29][8],              ;
;                                                ;                                ; RF24_32bit:register_file|register_file[30][8],              ;
;                                                ;                                ; RF24_32bit:register_file|register_file[31][8],              ;
;                                                ;                                ; RF24_32bit:register_file|register_file[24][20],             ;
;                                                ;                                ; RF24_32bit:register_file|register_file[25][20],             ;
;                                                ;                                ; RF24_32bit:register_file|register_file[26][20],             ;
;                                                ;                                ; RF24_32bit:register_file|register_file[27][20],             ;
;                                                ;                                ; RF24_32bit:register_file|register_file[28][20],             ;
;                                                ;                                ; RF24_32bit:register_file|register_file[29][20],             ;
;                                                ;                                ; RF24_32bit:register_file|register_file[30][20],             ;
;                                                ;                                ; RF24_32bit:register_file|register_file[31][20],             ;
;                                                ;                                ; RF24_32bit:register_file|register_file[24][24],             ;
;                                                ;                                ; RF24_32bit:register_file|register_file[25][24],             ;
;                                                ;                                ; RF24_32bit:register_file|register_file[26][24],             ;
;                                                ;                                ; RF24_32bit:register_file|register_file[27][24],             ;
;                                                ;                                ; RF24_32bit:register_file|register_file[28][24],             ;
;                                                ;                                ; RF24_32bit:register_file|register_file[29][24],             ;
;                                                ;                                ; RF24_32bit:register_file|register_file[30][24],             ;
;                                                ;                                ; RF24_32bit:register_file|register_file[31][24],             ;
;                                                ;                                ; RF24_32bit:register_file|register_file[3][27],              ;
;                                                ;                                ; RF24_32bit:register_file|register_file[2][27],              ;
;                                                ;                                ; RF24_32bit:register_file|register_file[3][26],              ;
;                                                ;                                ; RF24_32bit:register_file|register_file[2][26],              ;
;                                                ;                                ; RF24_32bit:register_file|register_file[3][25],              ;
;                                                ;                                ; RF24_32bit:register_file|register_file[2][25],              ;
;                                                ;                                ; RF24_32bit:register_file|register_file[3][24],              ;
;                                                ;                                ; RF24_32bit:register_file|register_file[2][24],              ;
;                                                ;                                ; RF24_32bit:register_file|register_file[3][23],              ;
;                                                ;                                ; RF24_32bit:register_file|register_file[2][23],              ;
;                                                ;                                ; RF24_32bit:register_file|register_file[3][22],              ;
;                                                ;                                ; RF24_32bit:register_file|register_file[2][22],              ;
;                                                ;                                ; RF24_32bit:register_file|register_file[3][21],              ;
;                                                ;                                ; RF24_32bit:register_file|register_file[2][21],              ;
;                                                ;                                ; RF24_32bit:register_file|register_file[3][20],              ;
;                                                ;                                ; RF24_32bit:register_file|register_file[2][20],              ;
;                                                ;                                ; RF24_32bit:register_file|register_file[3][11],              ;
;                                                ;                                ; RF24_32bit:register_file|register_file[2][11],              ;
;                                                ;                                ; RF24_32bit:register_file|register_file[3][10],              ;
;                                                ;                                ; RF24_32bit:register_file|register_file[2][10],              ;
;                                                ;                                ; RF24_32bit:register_file|register_file[3][9],               ;
;                                                ;                                ; RF24_32bit:register_file|register_file[2][9],               ;
;                                                ;                                ; RF24_32bit:register_file|register_file[3][8],               ;
;                                                ;                                ; RF24_32bit:register_file|register_file[2][8],               ;
;                                                ;                                ; RF24_32bit:register_file|register_file[3][7],               ;
;                                                ;                                ; RF24_32bit:register_file|register_file[2][7],               ;
;                                                ;                                ; RF24_32bit:register_file|register_file[3][6],               ;
;                                                ;                                ; RF24_32bit:register_file|register_file[2][6],               ;
;                                                ;                                ; RF24_32bit:register_file|register_file[3][5],               ;
;                                                ;                                ; RF24_32bit:register_file|register_file[2][5],               ;
;                                                ;                                ; RF24_32bit:register_file|register_file[3][4],               ;
;                                                ;                                ; RF24_32bit:register_file|register_file[2][4],               ;
;                                                ;                                ; RF24_32bit:register_file|register_file[6][25],              ;
;                                                ;                                ; RF24_32bit:register_file|register_file[7][25],              ;
;                                                ;                                ; RF24_32bit:register_file|register_file[6][26],              ;
;                                                ;                                ; RF24_32bit:register_file|register_file[7][26],              ;
;                                                ;                                ; RF24_32bit:register_file|register_file[6][27],              ;
;                                                ;                                ; RF24_32bit:register_file|register_file[7][27],              ;
;                                                ;                                ; RF24_32bit:register_file|register_file[6][21],              ;
;                                                ;                                ; RF24_32bit:register_file|register_file[7][21],              ;
;                                                ;                                ; RF24_32bit:register_file|register_file[6][22],              ;
;                                                ;                                ; RF24_32bit:register_file|register_file[7][22],              ;
;                                                ;                                ; RF24_32bit:register_file|register_file[6][23],              ;
;                                                ;                                ; RF24_32bit:register_file|register_file[7][23],              ;
;                                                ;                                ; RF24_32bit:register_file|register_file[6][9],               ;
;                                                ;                                ; RF24_32bit:register_file|register_file[7][9],               ;
;                                                ;                                ; RF24_32bit:register_file|register_file[6][10],              ;
;                                                ;                                ; RF24_32bit:register_file|register_file[7][10],              ;
;                                                ;                                ; RF24_32bit:register_file|register_file[6][11],              ;
;                                                ;                                ; RF24_32bit:register_file|register_file[7][11],              ;
;                                                ;                                ; RF24_32bit:register_file|register_file[6][5],               ;
;                                                ;                                ; RF24_32bit:register_file|register_file[7][5],               ;
;                                                ;                                ; RF24_32bit:register_file|register_file[6][6],               ;
;                                                ;                                ; RF24_32bit:register_file|register_file[7][6],               ;
;                                                ;                                ; RF24_32bit:register_file|register_file[6][7],               ;
;                                                ;                                ; RF24_32bit:register_file|register_file[7][7],               ;
;                                                ;                                ; RF24_32bit:register_file|register_file[6][4],               ;
;                                                ;                                ; RF24_32bit:register_file|register_file[7][4],               ;
;                                                ;                                ; RF24_32bit:register_file|register_file[6][8],               ;
;                                                ;                                ; RF24_32bit:register_file|register_file[7][8],               ;
;                                                ;                                ; RF24_32bit:register_file|register_file[6][20],              ;
;                                                ;                                ; RF24_32bit:register_file|register_file[7][20],              ;
;                                                ;                                ; RF24_32bit:register_file|register_file[6][24],              ;
;                                                ;                                ; RF24_32bit:register_file|register_file[7][24],              ;
;                                                ;                                ; RF24_32bit:register_file|register_file[1][20],              ;
;                                                ;                                ; RF24_32bit:register_file|register_file[1][21],              ;
;                                                ;                                ; RF24_32bit:register_file|register_file[1][22],              ;
;                                                ;                                ; RF24_32bit:register_file|register_file[1][23],              ;
;                                                ;                                ; RF24_32bit:register_file|register_file[1][24],              ;
;                                                ;                                ; RF24_32bit:register_file|register_file[1][25],              ;
;                                                ;                                ; RF24_32bit:register_file|register_file[1][26],              ;
;                                                ;                                ; RF24_32bit:register_file|register_file[1][8],               ;
;                                                ;                                ; RF24_32bit:register_file|register_file[1][4],               ;
;                                                ;                                ; RF24_32bit:register_file|register_file[1][5],               ;
;                                                ;                                ; RF24_32bit:register_file|register_file[1][6],               ;
;                                                ;                                ; RF24_32bit:register_file|register_file[1][7],               ;
;                                                ;                                ; RF24_32bit:register_file|register_file[1][9],               ;
;                                                ;                                ; RF24_32bit:register_file|register_file[1][10],              ;
;                                                ;                                ; RF24_32bit:register_file|register_file[1][11],              ;
;                                                ;                                ; RF24_32bit:register_file|register_file[5][25],              ;
;                                                ;                                ; RF24_32bit:register_file|register_file[5][26],              ;
;                                                ;                                ; RF24_32bit:register_file|register_file[5][27],              ;
;                                                ;                                ; RF24_32bit:register_file|register_file[5][21],              ;
;                                                ;                                ; RF24_32bit:register_file|register_file[5][22],              ;
;                                                ;                                ; RF24_32bit:register_file|register_file[5][23],              ;
;                                                ;                                ; RF24_32bit:register_file|register_file[5][9],               ;
;                                                ;                                ; RF24_32bit:register_file|register_file[5][10],              ;
;                                                ;                                ; RF24_32bit:register_file|register_file[5][11],              ;
;                                                ;                                ; RF24_32bit:register_file|register_file[5][5],               ;
;                                                ;                                ; RF24_32bit:register_file|register_file[5][6],               ;
;                                                ;                                ; RF24_32bit:register_file|register_file[5][7],               ;
;                                                ;                                ; RF24_32bit:register_file|register_file[5][4],               ;
;                                                ;                                ; RF24_32bit:register_file|register_file[5][8],               ;
;                                                ;                                ; RF24_32bit:register_file|register_file[5][20],              ;
;                                                ;                                ; RF24_32bit:register_file|register_file[5][24],              ;
;                                                ;                                ; RF24_32bit:register_file|register_file[4][25],              ;
;                                                ;                                ; RF24_32bit:register_file|register_file[4][26],              ;
;                                                ;                                ; RF24_32bit:register_file|register_file[4][27],              ;
;                                                ;                                ; RF24_32bit:register_file|register_file[4][21],              ;
;                                                ;                                ; RF24_32bit:register_file|register_file[4][22],              ;
;                                                ;                                ; RF24_32bit:register_file|register_file[4][23],              ;
;                                                ;                                ; RF24_32bit:register_file|register_file[4][9],               ;
;                                                ;                                ; RF24_32bit:register_file|register_file[4][11],              ;
;                                                ;                                ; RF24_32bit:register_file|register_file[4][5],               ;
;                                                ;                                ; RF24_32bit:register_file|register_file[4][6],               ;
;                                                ;                                ; RF24_32bit:register_file|register_file[4][7],               ;
;                                                ;                                ; RF24_32bit:register_file|register_file[4][4],               ;
;                                                ;                                ; RF24_32bit:register_file|register_file[4][8],               ;
;                                                ;                                ; RF24_32bit:register_file|register_file[4][20],              ;
;                                                ;                                ; RF24_32bit:register_file|register_file[4][24],              ;
;                                                ;                                ; RF24_32bit:register_file|register_file[4][10]               ;
; RF24_32bit:register_file|register_file[0][1]   ; Stuck at GND                   ; RF24_32bit:register_file|register_file[24][29],             ;
;                                                ; due to stuck port clock_enable ; RF24_32bit:register_file|register_file[25][29],             ;
;                                                ;                                ; RF24_32bit:register_file|register_file[26][29],             ;
;                                                ;                                ; RF24_32bit:register_file|register_file[27][29],             ;
;                                                ;                                ; RF24_32bit:register_file|register_file[28][29],             ;
;                                                ;                                ; RF24_32bit:register_file|register_file[29][29],             ;
;                                                ;                                ; RF24_32bit:register_file|register_file[30][29],             ;
;                                                ;                                ; RF24_32bit:register_file|register_file[31][29],             ;
;                                                ;                                ; RF24_32bit:register_file|register_file[24][30],             ;
;                                                ;                                ; RF24_32bit:register_file|register_file[25][30],             ;
;                                                ;                                ; RF24_32bit:register_file|register_file[26][30],             ;
;                                                ;                                ; RF24_32bit:register_file|register_file[27][30],             ;
;                                                ;                                ; RF24_32bit:register_file|register_file[28][30],             ;
;                                                ;                                ; RF24_32bit:register_file|register_file[29][30],             ;
;                                                ;                                ; RF24_32bit:register_file|register_file[30][30],             ;
;                                                ;                                ; RF24_32bit:register_file|register_file[31][30],             ;
;                                                ;                                ; RF24_32bit:register_file|register_file[24][17],             ;
;                                                ;                                ; RF24_32bit:register_file|register_file[25][17],             ;
;                                                ;                                ; RF24_32bit:register_file|register_file[26][17],             ;
;                                                ;                                ; RF24_32bit:register_file|register_file[27][17],             ;
;                                                ;                                ; RF24_32bit:register_file|register_file[28][17],             ;
;                                                ;                                ; RF24_32bit:register_file|register_file[29][17],             ;
;                                                ;                                ; RF24_32bit:register_file|register_file[30][17],             ;
;                                                ;                                ; RF24_32bit:register_file|register_file[31][17],             ;
;                                                ;                                ; RF24_32bit:register_file|register_file[24][18],             ;
;                                                ;                                ; RF24_32bit:register_file|register_file[25][18],             ;
;                                                ;                                ; RF24_32bit:register_file|register_file[26][18],             ;
;                                                ;                                ; RF24_32bit:register_file|register_file[27][18],             ;
;                                                ;                                ; RF24_32bit:register_file|register_file[28][18],             ;
;                                                ;                                ; RF24_32bit:register_file|register_file[29][18],             ;
;                                                ;                                ; RF24_32bit:register_file|register_file[30][18],             ;
;                                                ;                                ; RF24_32bit:register_file|register_file[31][18],             ;
;                                                ;                                ; RF24_32bit:register_file|register_file[24][14],             ;
;                                                ;                                ; RF24_32bit:register_file|register_file[25][14],             ;
;                                                ;                                ; RF24_32bit:register_file|register_file[26][14],             ;
;                                                ;                                ; RF24_32bit:register_file|register_file[27][14],             ;
;                                                ;                                ; RF24_32bit:register_file|register_file[28][14],             ;
;                                                ;                                ; RF24_32bit:register_file|register_file[29][14],             ;
;                                                ;                                ; RF24_32bit:register_file|register_file[30][14],             ;
;                                                ;                                ; RF24_32bit:register_file|register_file[31][14],             ;
;                                                ;                                ; RF24_32bit:register_file|register_file[24][2],              ;
;                                                ;                                ; RF24_32bit:register_file|register_file[25][2],              ;
;                                                ;                                ; RF24_32bit:register_file|register_file[26][2],              ;
;                                                ;                                ; RF24_32bit:register_file|register_file[27][2],              ;
;                                                ;                                ; RF24_32bit:register_file|register_file[28][2],              ;
;                                                ;                                ; RF24_32bit:register_file|register_file[29][2],              ;
;                                                ;                                ; RF24_32bit:register_file|register_file[30][2],              ;
;                                                ;                                ; RF24_32bit:register_file|register_file[31][2],              ;
;                                                ;                                ; RF24_32bit:register_file|register_file[3][30],              ;
;                                                ;                                ; RF24_32bit:register_file|register_file[2][30],              ;
;                                                ;                                ; RF24_32bit:register_file|register_file[3][29],              ;
;                                                ;                                ; RF24_32bit:register_file|register_file[2][29],              ;
;                                                ;                                ; RF24_32bit:register_file|register_file[3][18],              ;
;                                                ;                                ; RF24_32bit:register_file|register_file[2][18],              ;
;                                                ;                                ; RF24_32bit:register_file|register_file[3][17],              ;
;                                                ;                                ; RF24_32bit:register_file|register_file[2][17],              ;
;                                                ;                                ; RF24_32bit:register_file|register_file[3][14],              ;
;                                                ;                                ; RF24_32bit:register_file|register_file[2][14],              ;
;                                                ;                                ; RF24_32bit:register_file|register_file[3][2],               ;
;                                                ;                                ; RF24_32bit:register_file|register_file[2][2],               ;
;                                                ;                                ; RF24_32bit:register_file|register_file[6][29],              ;
;                                                ;                                ; RF24_32bit:register_file|register_file[7][29],              ;
;                                                ;                                ; RF24_32bit:register_file|register_file[6][30],              ;
;                                                ;                                ; RF24_32bit:register_file|register_file[7][30],              ;
;                                                ;                                ; RF24_32bit:register_file|register_file[6][17],              ;
;                                                ;                                ; RF24_32bit:register_file|register_file[7][17],              ;
;                                                ;                                ; RF24_32bit:register_file|register_file[6][18],              ;
;                                                ;                                ; RF24_32bit:register_file|register_file[7][18],              ;
;                                                ;                                ; RF24_32bit:register_file|register_file[6][14],              ;
;                                                ;                                ; RF24_32bit:register_file|register_file[7][14],              ;
;                                                ;                                ; RF24_32bit:register_file|register_file[6][2],               ;
;                                                ;                                ; RF24_32bit:register_file|register_file[7][2],               ;
;                                                ;                                ; RF24_32bit:register_file|register_file[1][14],              ;
;                                                ;                                ; RF24_32bit:register_file|register_file[1][18],              ;
;                                                ;                                ; RF24_32bit:register_file|register_file[1][17],              ;
;                                                ;                                ; RF24_32bit:register_file|register_file[1][30],              ;
;                                                ;                                ; RF24_32bit:register_file|register_file[1][31],              ;
;                                                ;                                ; RF24_32bit:register_file|register_file[1][2],               ;
;                                                ;                                ; RF24_32bit:register_file|register_file[5][29],              ;
;                                                ;                                ; RF24_32bit:register_file|register_file[5][30],              ;
;                                                ;                                ; RF24_32bit:register_file|register_file[5][17],              ;
;                                                ;                                ; RF24_32bit:register_file|register_file[5][18],              ;
;                                                ;                                ; RF24_32bit:register_file|register_file[5][14],              ;
;                                                ;                                ; RF24_32bit:register_file|register_file[5][2],               ;
;                                                ;                                ; RF24_32bit:register_file|register_file[4][29],              ;
;                                                ;                                ; RF24_32bit:register_file|register_file[4][30],              ;
;                                                ;                                ; RF24_32bit:register_file|register_file[4][17],              ;
;                                                ;                                ; RF24_32bit:register_file|register_file[4][18],              ;
;                                                ;                                ; RF24_32bit:register_file|register_file[4][14],              ;
;                                                ;                                ; RF24_32bit:register_file|register_file[4][2]                ;
; PC_32bit:program_counter|output_pc[0]          ; Stuck at GND                   ; VGA_RISCV_Debug_Panel:vga_display|pc_vga[0],                ;
;                                                ; due to stuck port data_in      ; RF24_32bit:register_file|register_file[3][31],              ;
;                                                ;                                ; RF24_32bit:register_file|register_file[2][31],              ;
;                                                ;                                ; RF24_32bit:register_file|register_file[3][28],              ;
;                                                ;                                ; RF24_32bit:register_file|register_file[2][28],              ;
;                                                ;                                ; RF24_32bit:register_file|register_file[3][19],              ;
;                                                ;                                ; RF24_32bit:register_file|register_file[2][19],              ;
;                                                ;                                ; RF24_32bit:register_file|register_file[3][16],              ;
;                                                ;                                ; RF24_32bit:register_file|register_file[2][16],              ;
;                                                ;                                ; RF24_32bit:register_file|register_file[3][15],              ;
;                                                ;                                ; RF24_32bit:register_file|register_file[2][15],              ;
;                                                ;                                ; RF24_32bit:register_file|register_file[3][13],              ;
;                                                ;                                ; RF24_32bit:register_file|register_file[2][13],              ;
;                                                ;                                ; RF24_32bit:register_file|register_file[3][12],              ;
;                                                ;                                ; RF24_32bit:register_file|register_file[2][12],              ;
;                                                ;                                ; RF24_32bit:register_file|register_file[3][3],               ;
;                                                ;                                ; RF24_32bit:register_file|register_file[2][3],               ;
;                                                ;                                ; RF24_32bit:register_file|register_file[3][1],               ;
;                                                ;                                ; RF24_32bit:register_file|register_file[2][1],               ;
;                                                ;                                ; RF24_32bit:register_file|register_file[3][0],               ;
;                                                ;                                ; RF24_32bit:register_file|register_file[2][0],               ;
;                                                ;                                ; RF24_32bit:register_file|register_file[6][31],              ;
;                                                ;                                ; RF24_32bit:register_file|register_file[7][31],              ;
;                                                ;                                ; RF24_32bit:register_file|register_file[6][19],              ;
;                                                ;                                ; RF24_32bit:register_file|register_file[7][19],              ;
;                                                ;                                ; RF24_32bit:register_file|register_file[6][13],              ;
;                                                ;                                ; RF24_32bit:register_file|register_file[7][13],              ;
;                                                ;                                ; RF24_32bit:register_file|register_file[6][15],              ;
;                                                ;                                ; RF24_32bit:register_file|register_file[7][15],              ;
;                                                ;                                ; RF24_32bit:register_file|register_file[6][1],               ;
;                                                ;                                ; RF24_32bit:register_file|register_file[7][1],               ;
;                                                ;                                ; RF24_32bit:register_file|register_file[6][3],               ;
;                                                ;                                ; RF24_32bit:register_file|register_file[7][3],               ;
;                                                ;                                ; RF24_32bit:register_file|register_file[6][0],               ;
;                                                ;                                ; RF24_32bit:register_file|register_file[7][0],               ;
;                                                ;                                ; RF24_32bit:register_file|register_file[6][12],              ;
;                                                ;                                ; RF24_32bit:register_file|register_file[7][12],              ;
;                                                ;                                ; RF24_32bit:register_file|register_file[6][16],              ;
;                                                ;                                ; RF24_32bit:register_file|register_file[7][16],              ;
;                                                ;                                ; RF24_32bit:register_file|register_file[6][28],              ;
;                                                ;                                ; RF24_32bit:register_file|register_file[7][28],              ;
;                                                ;                                ; RF24_32bit:register_file|register_file[1][0],               ;
;                                                ;                                ; RF24_32bit:register_file|register_file[4][0],               ;
;                                                ;                                ; RF24_32bit:register_file|register_file[5][0],               ;
;                                                ;                                ; RF24_32bit:register_file|register_file[1][15],              ;
;                                                ;                                ; RF24_32bit:register_file|register_file[1][16],              ;
;                                                ;                                ; RF24_32bit:register_file|register_file[1][19],              ;
;                                                ;                                ; RF24_32bit:register_file|register_file[1][27],              ;
;                                                ;                                ; RF24_32bit:register_file|register_file[1][29],              ;
;                                                ;                                ; RF24_32bit:register_file|register_file[1][28],              ;
;                                                ;                                ; RF24_32bit:register_file|register_file[1][1],               ;
;                                                ;                                ; RF24_32bit:register_file|register_file[1][3],               ;
;                                                ;                                ; RF24_32bit:register_file|register_file[1][12],              ;
;                                                ;                                ; RF24_32bit:register_file|register_file[1][13],              ;
;                                                ;                                ; RF24_32bit:register_file|register_file[5][31],              ;
;                                                ;                                ; RF24_32bit:register_file|register_file[5][19],              ;
;                                                ;                                ; RF24_32bit:register_file|register_file[5][13],              ;
;                                                ;                                ; RF24_32bit:register_file|register_file[5][15],              ;
;                                                ;                                ; RF24_32bit:register_file|register_file[5][1],               ;
;                                                ;                                ; RF24_32bit:register_file|register_file[5][3],               ;
;                                                ;                                ; RF24_32bit:register_file|register_file[5][12],              ;
;                                                ;                                ; RF24_32bit:register_file|register_file[5][16],              ;
;                                                ;                                ; RF24_32bit:register_file|register_file[5][28],              ;
;                                                ;                                ; RF24_32bit:register_file|register_file[4][31],              ;
;                                                ;                                ; RF24_32bit:register_file|register_file[4][19],              ;
;                                                ;                                ; RF24_32bit:register_file|register_file[4][13],              ;
;                                                ;                                ; RF24_32bit:register_file|register_file[4][15],              ;
;                                                ;                                ; RF24_32bit:register_file|register_file[4][3],               ;
;                                                ;                                ; RF24_32bit:register_file|register_file[4][12],              ;
;                                                ;                                ; RF24_32bit:register_file|register_file[4][16],              ;
;                                                ;                                ; RF24_32bit:register_file|register_file[4][28],              ;
;                                                ;                                ; RF24_32bit:register_file|register_file[4][1]                ;
; RF24_32bit:register_file|register_file[23][3]  ; Stuck at GND                   ; VGA_RISCV_Debug_Panel:vga_display|vga_reg_data_captured[3]  ;
;                                                ; due to stuck port clock_enable ;                                                             ;
; RF24_32bit:register_file|register_file[23][4]  ; Stuck at GND                   ; VGA_RISCV_Debug_Panel:vga_display|vga_reg_data_captured[4]  ;
;                                                ; due to stuck port clock_enable ;                                                             ;
; RF24_32bit:register_file|register_file[23][5]  ; Stuck at GND                   ; VGA_RISCV_Debug_Panel:vga_display|vga_reg_data_captured[5]  ;
;                                                ; due to stuck port clock_enable ;                                                             ;
; RF24_32bit:register_file|register_file[23][6]  ; Stuck at GND                   ; VGA_RISCV_Debug_Panel:vga_display|vga_reg_data_captured[6]  ;
;                                                ; due to stuck port clock_enable ;                                                             ;
; RF24_32bit:register_file|register_file[23][7]  ; Stuck at GND                   ; VGA_RISCV_Debug_Panel:vga_display|vga_reg_data_captured[7]  ;
;                                                ; due to stuck port clock_enable ;                                                             ;
; RF24_32bit:register_file|register_file[23][8]  ; Stuck at GND                   ; VGA_RISCV_Debug_Panel:vga_display|vga_reg_data_captured[8]  ;
;                                                ; due to stuck port clock_enable ;                                                             ;
; RF24_32bit:register_file|register_file[23][9]  ; Stuck at GND                   ; VGA_RISCV_Debug_Panel:vga_display|vga_reg_data_captured[9]  ;
;                                                ; due to stuck port clock_enable ;                                                             ;
; RF24_32bit:register_file|register_file[23][10] ; Stuck at GND                   ; VGA_RISCV_Debug_Panel:vga_display|vga_reg_data_captured[10] ;
;                                                ; due to stuck port clock_enable ;                                                             ;
; RF24_32bit:register_file|register_file[23][11] ; Stuck at GND                   ; VGA_RISCV_Debug_Panel:vga_display|vga_reg_data_captured[11] ;
;                                                ; due to stuck port clock_enable ;                                                             ;
; RF24_32bit:register_file|register_file[23][12] ; Stuck at GND                   ; VGA_RISCV_Debug_Panel:vga_display|vga_reg_data_captured[12] ;
;                                                ; due to stuck port clock_enable ;                                                             ;
; RF24_32bit:register_file|register_file[23][13] ; Stuck at GND                   ; VGA_RISCV_Debug_Panel:vga_display|vga_reg_data_captured[13] ;
;                                                ; due to stuck port clock_enable ;                                                             ;
; RF24_32bit:register_file|register_file[23][14] ; Stuck at GND                   ; VGA_RISCV_Debug_Panel:vga_display|vga_reg_data_captured[14] ;
;                                                ; due to stuck port clock_enable ;                                                             ;
; RF24_32bit:register_file|register_file[23][15] ; Stuck at GND                   ; VGA_RISCV_Debug_Panel:vga_display|vga_reg_data_captured[15] ;
;                                                ; due to stuck port clock_enable ;                                                             ;
; RF24_32bit:register_file|register_file[23][16] ; Stuck at GND                   ; VGA_RISCV_Debug_Panel:vga_display|vga_reg_data_captured[16] ;
;                                                ; due to stuck port clock_enable ;                                                             ;
; RF24_32bit:register_file|register_file[23][17] ; Stuck at GND                   ; VGA_RISCV_Debug_Panel:vga_display|vga_reg_data_captured[17] ;
;                                                ; due to stuck port clock_enable ;                                                             ;
; RF24_32bit:register_file|register_file[23][18] ; Stuck at GND                   ; VGA_RISCV_Debug_Panel:vga_display|vga_reg_data_captured[18] ;
;                                                ; due to stuck port clock_enable ;                                                             ;
; RF24_32bit:register_file|register_file[23][19] ; Stuck at GND                   ; VGA_RISCV_Debug_Panel:vga_display|vga_reg_data_captured[19] ;
;                                                ; due to stuck port clock_enable ;                                                             ;
; RF24_32bit:register_file|register_file[23][20] ; Stuck at GND                   ; VGA_RISCV_Debug_Panel:vga_display|vga_reg_data_captured[20] ;
;                                                ; due to stuck port clock_enable ;                                                             ;
; RF24_32bit:register_file|register_file[23][21] ; Stuck at GND                   ; VGA_RISCV_Debug_Panel:vga_display|vga_reg_data_captured[21] ;
;                                                ; due to stuck port clock_enable ;                                                             ;
; RF24_32bit:register_file|register_file[23][22] ; Stuck at GND                   ; VGA_RISCV_Debug_Panel:vga_display|vga_reg_data_captured[22] ;
;                                                ; due to stuck port clock_enable ;                                                             ;
; RF24_32bit:register_file|register_file[23][23] ; Stuck at GND                   ; VGA_RISCV_Debug_Panel:vga_display|vga_reg_data_captured[23] ;
;                                                ; due to stuck port clock_enable ;                                                             ;
; RF24_32bit:register_file|register_file[23][24] ; Stuck at GND                   ; VGA_RISCV_Debug_Panel:vga_display|vga_reg_data_captured[24] ;
;                                                ; due to stuck port clock_enable ;                                                             ;
; RF24_32bit:register_file|register_file[23][25] ; Stuck at GND                   ; VGA_RISCV_Debug_Panel:vga_display|vga_reg_data_captured[25] ;
;                                                ; due to stuck port clock_enable ;                                                             ;
; RF24_32bit:register_file|register_file[23][26] ; Stuck at GND                   ; VGA_RISCV_Debug_Panel:vga_display|vga_reg_data_captured[26] ;
;                                                ; due to stuck port clock_enable ;                                                             ;
; RF24_32bit:register_file|register_file[23][27] ; Stuck at GND                   ; VGA_RISCV_Debug_Panel:vga_display|vga_reg_data_captured[27] ;
;                                                ; due to stuck port clock_enable ;                                                             ;
; RF24_32bit:register_file|register_file[23][28] ; Stuck at GND                   ; VGA_RISCV_Debug_Panel:vga_display|vga_reg_data_captured[28] ;
;                                                ; due to stuck port clock_enable ;                                                             ;
; RF24_32bit:register_file|register_file[23][29] ; Stuck at GND                   ; VGA_RISCV_Debug_Panel:vga_display|vga_reg_data_captured[29] ;
;                                                ; due to stuck port clock_enable ;                                                             ;
; RF24_32bit:register_file|register_file[23][30] ; Stuck at GND                   ; VGA_RISCV_Debug_Panel:vga_display|vga_reg_data_captured[30] ;
;                                                ; due to stuck port clock_enable ;                                                             ;
; RF24_32bit:register_file|register_file[23][31] ; Stuck at GND                   ; VGA_RISCV_Debug_Panel:vga_display|vga_reg_data_captured[31] ;
;                                                ; due to stuck port clock_enable ;                                                             ;
; RF24_32bit:register_file|register_file[23][0]  ; Stuck at GND                   ; VGA_RISCV_Debug_Panel:vga_display|vga_reg_data_captured[0]  ;
;                                                ; due to stuck port clock_enable ;                                                             ;
; RF24_32bit:register_file|register_file[23][1]  ; Stuck at GND                   ; VGA_RISCV_Debug_Panel:vga_display|vga_reg_data_captured[1]  ;
;                                                ; due to stuck port clock_enable ;                                                             ;
; RF24_32bit:register_file|register_file[23][2]  ; Stuck at GND                   ; VGA_RISCV_Debug_Panel:vga_display|vga_reg_data_captured[2]  ;
;                                                ; due to stuck port clock_enable ;                                                             ;
; PC_32bit:program_counter|output_pc[1]          ; Stuck at GND                   ; VGA_RISCV_Debug_Panel:vga_display|pc_vga[1]                 ;
;                                                ; due to stuck port data_in      ;                                                             ;
+------------------------------------------------+--------------------------------+-------------------------------------------------------------+


+------------------------------------------------------+
; General Register Statistics                          ;
+----------------------------------------------+-------+
; Statistic                                    ; Value ;
+----------------------------------------------+-------+
; Total registers                              ; 105   ;
; Number of registers using Synchronous Clear  ; 21    ;
; Number of registers using Synchronous Load   ; 30    ;
; Number of registers using Asynchronous Clear ; 30    ;
; Number of registers using Asynchronous Load  ; 0     ;
; Number of registers using Clock Enable       ; 10    ;
; Number of registers using Preset             ; 0     ;
+----------------------------------------------+-------+


+-------------------------------------------------------------------------------------------------------------+
; Registers Packed Into Inferred Megafunctions                                                                ;
+---------------------------------------------------+--------------------------------------------------+------+
; Register Name                                     ; Megafunction                                     ; Type ;
+---------------------------------------------------+--------------------------------------------------+------+
; VGA_RISCV_Debug_Panel:vga_display|font_data[0..7] ; VGA_RISCV_Debug_Panel:vga_display|font_rom_rtl_0 ; RAM  ;
+---------------------------------------------------+--------------------------------------------------+------+


+----------------------------------------------------------------------------------------------------------------------------------------------------------------------------------------------------------+
; Multiplexer Restructuring Statistics (Restructuring Performed)                                                                                                                                           ;
+--------------------+-----------+---------------+----------------------+------------------------+------------+--------------------------------------------------------------------------------------------+
; Multiplexer Inputs ; Bus Width ; Baseline Area ; Area if Restructured ; Saving if Restructured ; Registered ; Example Multiplexer Output                                                                 ;
+--------------------+-----------+---------------+----------------------+------------------------+------------+--------------------------------------------------------------------------------------------+
; 33:1               ; 32 bits   ; 704 LEs       ; 320 LEs              ; 384 LEs                ; Yes        ; |ProcesadorMonociclo_32bits_VGA|VGA_RISCV_Debug_Panel:vga_display|vga_reg_data_captured[1] ;
; 4:1                ; 8 bits    ; 16 LEs        ; 16 LEs               ; 0 LEs                  ; No         ; |ProcesadorMonociclo_32bits_VGA|ALU_32bits:alu|ShiftRight0                                 ;
; 4:1                ; 8 bits    ; 16 LEs        ; 16 LEs               ; 0 LEs                  ; No         ; |ProcesadorMonociclo_32bits_VGA|ALU_32bits:alu|ShiftLeft0                                  ;
; 4:1                ; 8 bits    ; 16 LEs        ; 16 LEs               ; 0 LEs                  ; No         ; |ProcesadorMonociclo_32bits_VGA|ALU_32bits:alu|ShiftRight0                                 ;
; 4:1                ; 2 bits    ; 4 LEs         ; 4 LEs                ; 0 LEs                  ; No         ; |ProcesadorMonociclo_32bits_VGA|ALU_32bits:alu|ShiftLeft0                                  ;
; 4:1                ; 2 bits    ; 4 LEs         ; 4 LEs                ; 0 LEs                  ; No         ; |ProcesadorMonociclo_32bits_VGA|ALU_32bits:alu|ShiftRight0                                 ;
; 4:1                ; 50 bits   ; 100 LEs       ; 100 LEs              ; 0 LEs                  ; No         ; |ProcesadorMonociclo_32bits_VGA|ALU_32bits:alu|ShiftRight0                                 ;
; 5:1                ; 32 bits   ; 96 LEs        ; 96 LEs               ; 0 LEs                  ; No         ; |ProcesadorMonociclo_32bits_VGA|RF24_32bit:register_file|rs2_data[22]                      ;
; 13:1               ; 12 bits   ; 96 LEs        ; 96 LEs               ; 0 LEs                  ; No         ; |ProcesadorMonociclo_32bits_VGA|ALU_32bits:alu|Mux25                                       ;
; 13:1               ; 12 bits   ; 96 LEs        ; 96 LEs               ; 0 LEs                  ; No         ; |ProcesadorMonociclo_32bits_VGA|ALU_32bits:alu|Mux12                                       ;
; 16:1               ; 3 bits    ; 30 LEs        ; 30 LEs               ; 0 LEs                  ; No         ; |ProcesadorMonociclo_32bits_VGA|ALU_32bits:alu|Mux28                                       ;
; 16:1               ; 4 bits    ; 40 LEs        ; 40 LEs               ; 0 LEs                  ; No         ; |ProcesadorMonociclo_32bits_VGA|ALU_32bits:alu|Mux3                                        ;
; 163:1              ; 4 bits    ; 432 LEs       ; 188 LEs              ; 244 LEs                ; No         ; |ProcesadorMonociclo_32bits_VGA|VGA_RISCV_Debug_Panel:vga_display|display_char[0]          ;
+--------------------+-----------+---------------+----------------------+------------------------+------------+--------------------------------------------------------------------------------------------+


+-------------------------------------------------------------------------------------------------------------------+
; Source assignments for VGA_RISCV_Debug_Panel:vga_display|altsyncram:font_rom_rtl_0|altsyncram_grg1:auto_generated ;
+---------------------------------+--------------------+------+-----------------------------------------------------+
; Assignment                      ; Value              ; From ; To                                                  ;
+---------------------------------+--------------------+------+-----------------------------------------------------+
; OPTIMIZE_POWER_DURING_SYNTHESIS ; NORMAL_COMPILATION ; -    ; -                                                   ;
+---------------------------------+--------------------+------+-----------------------------------------------------+


+-----------------------------------------------------------------------------------------------------------------------------------------------------------------------------------------+
; Parameter Settings for User Entity Instance: clock1280x800:vga_clock_gen|vgaClock:clk|vgaClock_video_pll_0:video_pll_0|vgaClock_video_pll_0_video_pll:video_pll|altera_pll:altera_pll_i ;
+--------------------------------------+------------------------+-------------------------------------------------------------------------------------------------------------------------+
; Parameter Name                       ; Value                  ; Type                                                                                                                    ;
+--------------------------------------+------------------------+-------------------------------------------------------------------------------------------------------------------------+
; reference_clock_frequency            ; 50.0 MHz               ; String                                                                                                                  ;
; fractional_vco_multiplier            ; false                  ; String                                                                                                                  ;
; pll_type                             ; General                ; String                                                                                                                  ;
; pll_subtype                          ; General                ; String                                                                                                                  ;
; number_of_clocks                     ; 3                      ; Signed Integer                                                                                                          ;
; operation_mode                       ; direct                 ; String                                                                                                                  ;
; deserialization_factor               ; 4                      ; Signed Integer                                                                                                          ;
; data_rate                            ; 0                      ; Signed Integer                                                                                                          ;
; sim_additional_refclk_cycles_to_lock ; 0                      ; Signed Integer                                                                                                          ;
; output_clock_frequency0              ; 25.000000 MHz          ; String                                                                                                                  ;
; phase_shift0                         ; 0 ps                   ; String                                                                                                                  ;
; duty_cycle0                          ; 50                     ; Signed Integer                                                                                                          ;
; output_clock_frequency1              ; 83.333333 MHz          ; String                                                                                                                  ;
; phase_shift1                         ; 0 ps                   ; String                                                                                                                  ;
; duty_cycle1                          ; 50                     ; Signed Integer                                                                                                          ;
; output_clock_frequency2              ; 32.894736 MHz          ; String                                                                                                                  ;
; phase_shift2                         ; 0 ps                   ; String                                                                                                                  ;
; duty_cycle2                          ; 50                     ; Signed Integer                                                                                                          ;
; output_clock_frequency3              ; 0 MHz                  ; String                                                                                                                  ;
; phase_shift3                         ; 0 ps                   ; String                                                                                                                  ;
; duty_cycle3                          ; 50                     ; Signed Integer                                                                                                          ;
; output_clock_frequency4              ; 0 MHz                  ; String                                                                                                                  ;
; phase_shift4                         ; 0 ps                   ; String                                                                                                                  ;
; duty_cycle4                          ; 50                     ; Signed Integer                                                                                                          ;
; output_clock_frequency5              ; 0 MHz                  ; String                                                                                                                  ;
; phase_shift5                         ; 0 ps                   ; String                                                                                                                  ;
; duty_cycle5                          ; 50                     ; Signed Integer                                                                                                          ;
; output_clock_frequency6              ; 0 MHz                  ; String                                                                                                                  ;
; phase_shift6                         ; 0 ps                   ; String                                                                                                                  ;
; duty_cycle6                          ; 50                     ; Signed Integer                                                                                                          ;
; output_clock_frequency7              ; 0 MHz                  ; String                                                                                                                  ;
; phase_shift7                         ; 0 ps                   ; String                                                                                                                  ;
; duty_cycle7                          ; 50                     ; Signed Integer                                                                                                          ;
; output_clock_frequency8              ; 0 MHz                  ; String                                                                                                                  ;
; phase_shift8                         ; 0 ps                   ; String                                                                                                                  ;
; duty_cycle8                          ; 50                     ; Signed Integer                                                                                                          ;
; output_clock_frequency9              ; 0 MHz                  ; String                                                                                                                  ;
; phase_shift9                         ; 0 ps                   ; String                                                                                                                  ;
; duty_cycle9                          ; 50                     ; Signed Integer                                                                                                          ;
; output_clock_frequency10             ; 0 MHz                  ; String                                                                                                                  ;
; phase_shift10                        ; 0 ps                   ; String                                                                                                                  ;
; duty_cycle10                         ; 50                     ; Signed Integer                                                                                                          ;
; output_clock_frequency11             ; 0 MHz                  ; String                                                                                                                  ;
; phase_shift11                        ; 0 ps                   ; String                                                                                                                  ;
; duty_cycle11                         ; 50                     ; Signed Integer                                                                                                          ;
; output_clock_frequency12             ; 0 MHz                  ; String                                                                                                                  ;
; phase_shift12                        ; 0 ps                   ; String                                                                                                                  ;
; duty_cycle12                         ; 50                     ; Signed Integer                                                                                                          ;
; output_clock_frequency13             ; 0 MHz                  ; String                                                                                                                  ;
; phase_shift13                        ; 0 ps                   ; String                                                                                                                  ;
; duty_cycle13                         ; 50                     ; Signed Integer                                                                                                          ;
; output_clock_frequency14             ; 0 MHz                  ; String                                                                                                                  ;
; phase_shift14                        ; 0 ps                   ; String                                                                                                                  ;
; duty_cycle14                         ; 50                     ; Signed Integer                                                                                                          ;
; output_clock_frequency15             ; 0 MHz                  ; String                                                                                                                  ;
; phase_shift15                        ; 0 ps                   ; String                                                                                                                  ;
; duty_cycle15                         ; 50                     ; Signed Integer                                                                                                          ;
; output_clock_frequency16             ; 0 MHz                  ; String                                                                                                                  ;
; phase_shift16                        ; 0 ps                   ; String                                                                                                                  ;
; duty_cycle16                         ; 50                     ; Signed Integer                                                                                                          ;
; output_clock_frequency17             ; 0 MHz                  ; String                                                                                                                  ;
; phase_shift17                        ; 0 ps                   ; String                                                                                                                  ;
; duty_cycle17                         ; 50                     ; Signed Integer                                                                                                          ;
; clock_name_0                         ;                        ; String                                                                                                                  ;
; clock_name_1                         ;                        ; String                                                                                                                  ;
; clock_name_2                         ;                        ; String                                                                                                                  ;
; clock_name_3                         ;                        ; String                                                                                                                  ;
; clock_name_4                         ;                        ; String                                                                                                                  ;
; clock_name_5                         ;                        ; String                                                                                                                  ;
; clock_name_6                         ;                        ; String                                                                                                                  ;
; clock_name_7                         ;                        ; String                                                                                                                  ;
; clock_name_8                         ;                        ; String                                                                                                                  ;
; clock_name_global_0                  ; false                  ; String                                                                                                                  ;
; clock_name_global_1                  ; false                  ; String                                                                                                                  ;
; clock_name_global_2                  ; false                  ; String                                                                                                                  ;
; clock_name_global_3                  ; false                  ; String                                                                                                                  ;
; clock_name_global_4                  ; false                  ; String                                                                                                                  ;
; clock_name_global_5                  ; false                  ; String                                                                                                                  ;
; clock_name_global_6                  ; false                  ; String                                                                                                                  ;
; clock_name_global_7                  ; false                  ; String                                                                                                                  ;
; clock_name_global_8                  ; false                  ; String                                                                                                                  ;
; m_cnt_hi_div                         ; 1                      ; Signed Integer                                                                                                          ;
; m_cnt_lo_div                         ; 1                      ; Signed Integer                                                                                                          ;
; m_cnt_bypass_en                      ; false                  ; String                                                                                                                  ;
; m_cnt_odd_div_duty_en                ; false                  ; String                                                                                                                  ;
; n_cnt_hi_div                         ; 1                      ; Signed Integer                                                                                                          ;
; n_cnt_lo_div                         ; 1                      ; Signed Integer                                                                                                          ;
; n_cnt_bypass_en                      ; false                  ; String                                                                                                                  ;
; n_cnt_odd_div_duty_en                ; false                  ; String                                                                                                                  ;
; c_cnt_hi_div0                        ; 1                      ; Signed Integer                                                                                                          ;
; c_cnt_lo_div0                        ; 1                      ; Signed Integer                                                                                                          ;
; c_cnt_bypass_en0                     ; false                  ; String                                                                                                                  ;
; c_cnt_in_src0                        ; ph_mux_clk             ; String                                                                                                                  ;
; c_cnt_odd_div_duty_en0               ; false                  ; String                                                                                                                  ;
; c_cnt_prst0                          ; 1                      ; Signed Integer                                                                                                          ;
; c_cnt_ph_mux_prst0                   ; 0                      ; Signed Integer                                                                                                          ;
; c_cnt_hi_div1                        ; 1                      ; Signed Integer                                                                                                          ;
; c_cnt_lo_div1                        ; 1                      ; Signed Integer                                                                                                          ;
; c_cnt_bypass_en1                     ; false                  ; String                                                                                                                  ;
; c_cnt_in_src1                        ; ph_mux_clk             ; String                                                                                                                  ;
; c_cnt_odd_div_duty_en1               ; false                  ; String                                                                                                                  ;
; c_cnt_prst1                          ; 1                      ; Signed Integer                                                                                                          ;
; c_cnt_ph_mux_prst1                   ; 0                      ; Signed Integer                                                                                                          ;
; c_cnt_hi_div2                        ; 1                      ; Signed Integer                                                                                                          ;
; c_cnt_lo_div2                        ; 1                      ; Signed Integer                                                                                                          ;
; c_cnt_bypass_en2                     ; false                  ; String                                                                                                                  ;
; c_cnt_in_src2                        ; ph_mux_clk             ; String                                                                                                                  ;
; c_cnt_odd_div_duty_en2               ; false                  ; String                                                                                                                  ;
; c_cnt_prst2                          ; 1                      ; Signed Integer                                                                                                          ;
; c_cnt_ph_mux_prst2                   ; 0                      ; Signed Integer                                                                                                          ;
; c_cnt_hi_div3                        ; 1                      ; Signed Integer                                                                                                          ;
; c_cnt_lo_div3                        ; 1                      ; Signed Integer                                                                                                          ;
; c_cnt_bypass_en3                     ; false                  ; String                                                                                                                  ;
; c_cnt_in_src3                        ; ph_mux_clk             ; String                                                                                                                  ;
; c_cnt_odd_div_duty_en3               ; false                  ; String                                                                                                                  ;
; c_cnt_prst3                          ; 1                      ; Signed Integer                                                                                                          ;
; c_cnt_ph_mux_prst3                   ; 0                      ; Signed Integer                                                                                                          ;
; c_cnt_hi_div4                        ; 1                      ; Signed Integer                                                                                                          ;
; c_cnt_lo_div4                        ; 1                      ; Signed Integer                                                                                                          ;
; c_cnt_bypass_en4                     ; false                  ; String                                                                                                                  ;
; c_cnt_in_src4                        ; ph_mux_clk             ; String                                                                                                                  ;
; c_cnt_odd_div_duty_en4               ; false                  ; String                                                                                                                  ;
; c_cnt_prst4                          ; 1                      ; Signed Integer                                                                                                          ;
; c_cnt_ph_mux_prst4                   ; 0                      ; Signed Integer                                                                                                          ;
; c_cnt_hi_div5                        ; 1                      ; Signed Integer                                                                                                          ;
; c_cnt_lo_div5                        ; 1                      ; Signed Integer                                                                                                          ;
; c_cnt_bypass_en5                     ; false                  ; String                                                                                                                  ;
; c_cnt_in_src5                        ; ph_mux_clk             ; String                                                                                                                  ;
; c_cnt_odd_div_duty_en5               ; false                  ; String                                                                                                                  ;
; c_cnt_prst5                          ; 1                      ; Signed Integer                                                                                                          ;
; c_cnt_ph_mux_prst5                   ; 0                      ; Signed Integer                                                                                                          ;
; c_cnt_hi_div6                        ; 1                      ; Signed Integer                                                                                                          ;
; c_cnt_lo_div6                        ; 1                      ; Signed Integer                                                                                                          ;
; c_cnt_bypass_en6                     ; false                  ; String                                                                                                                  ;
; c_cnt_in_src6                        ; ph_mux_clk             ; String                                                                                                                  ;
; c_cnt_odd_div_duty_en6               ; false                  ; String                                                                                                                  ;
; c_cnt_prst6                          ; 1                      ; Signed Integer                                                                                                          ;
; c_cnt_ph_mux_prst6                   ; 0                      ; Signed Integer                                                                                                          ;
; c_cnt_hi_div7                        ; 1                      ; Signed Integer                                                                                                          ;
; c_cnt_lo_div7                        ; 1                      ; Signed Integer                                                                                                          ;
; c_cnt_bypass_en7                     ; false                  ; String                                                                                                                  ;
; c_cnt_in_src7                        ; ph_mux_clk             ; String                                                                                                                  ;
; c_cnt_odd_div_duty_en7               ; false                  ; String                                                                                                                  ;
; c_cnt_prst7                          ; 1                      ; Signed Integer                                                                                                          ;
; c_cnt_ph_mux_prst7                   ; 0                      ; Signed Integer                                                                                                          ;
; c_cnt_hi_div8                        ; 1                      ; Signed Integer                                                                                                          ;
; c_cnt_lo_div8                        ; 1                      ; Signed Integer                                                                                                          ;
; c_cnt_bypass_en8                     ; false                  ; String                                                                                                                  ;
; c_cnt_in_src8                        ; ph_mux_clk             ; String                                                                                                                  ;
; c_cnt_odd_div_duty_en8               ; false                  ; String                                                                                                                  ;
; c_cnt_prst8                          ; 1                      ; Signed Integer                                                                                                          ;
; c_cnt_ph_mux_prst8                   ; 0                      ; Signed Integer                                                                                                          ;
; c_cnt_hi_div9                        ; 1                      ; Signed Integer                                                                                                          ;
; c_cnt_lo_div9                        ; 1                      ; Signed Integer                                                                                                          ;
; c_cnt_bypass_en9                     ; false                  ; String                                                                                                                  ;
; c_cnt_in_src9                        ; ph_mux_clk             ; String                                                                                                                  ;
; c_cnt_odd_div_duty_en9               ; false                  ; String                                                                                                                  ;
; c_cnt_prst9                          ; 1                      ; Signed Integer                                                                                                          ;
; c_cnt_ph_mux_prst9                   ; 0                      ; Signed Integer                                                                                                          ;
; c_cnt_hi_div10                       ; 1                      ; Signed Integer                                                                                                          ;
; c_cnt_lo_div10                       ; 1                      ; Signed Integer                                                                                                          ;
; c_cnt_bypass_en10                    ; false                  ; String                                                                                                                  ;
; c_cnt_in_src10                       ; ph_mux_clk             ; String                                                                                                                  ;
; c_cnt_odd_div_duty_en10              ; false                  ; String                                                                                                                  ;
; c_cnt_prst10                         ; 1                      ; Signed Integer                                                                                                          ;
; c_cnt_ph_mux_prst10                  ; 0                      ; Signed Integer                                                                                                          ;
; c_cnt_hi_div11                       ; 1                      ; Signed Integer                                                                                                          ;
; c_cnt_lo_div11                       ; 1                      ; Signed Integer                                                                                                          ;
; c_cnt_bypass_en11                    ; false                  ; String                                                                                                                  ;
; c_cnt_in_src11                       ; ph_mux_clk             ; String                                                                                                                  ;
; c_cnt_odd_div_duty_en11              ; false                  ; String                                                                                                                  ;
; c_cnt_prst11                         ; 1                      ; Signed Integer                                                                                                          ;
; c_cnt_ph_mux_prst11                  ; 0                      ; Signed Integer                                                                                                          ;
; c_cnt_hi_div12                       ; 1                      ; Signed Integer                                                                                                          ;
; c_cnt_lo_div12                       ; 1                      ; Signed Integer                                                                                                          ;
; c_cnt_bypass_en12                    ; false                  ; String                                                                                                                  ;
; c_cnt_in_src12                       ; ph_mux_clk             ; String                                                                                                                  ;
; c_cnt_odd_div_duty_en12              ; false                  ; String                                                                                                                  ;
; c_cnt_prst12                         ; 1                      ; Signed Integer                                                                                                          ;
; c_cnt_ph_mux_prst12                  ; 0                      ; Signed Integer                                                                                                          ;
; c_cnt_hi_div13                       ; 1                      ; Signed Integer                                                                                                          ;
; c_cnt_lo_div13                       ; 1                      ; Signed Integer                                                                                                          ;
; c_cnt_bypass_en13                    ; false                  ; String                                                                                                                  ;
; c_cnt_in_src13                       ; ph_mux_clk             ; String                                                                                                                  ;
; c_cnt_odd_div_duty_en13              ; false                  ; String                                                                                                                  ;
; c_cnt_prst13                         ; 1                      ; Signed Integer                                                                                                          ;
; c_cnt_ph_mux_prst13                  ; 0                      ; Signed Integer                                                                                                          ;
; c_cnt_hi_div14                       ; 1                      ; Signed Integer                                                                                                          ;
; c_cnt_lo_div14                       ; 1                      ; Signed Integer                                                                                                          ;
; c_cnt_bypass_en14                    ; false                  ; String                                                                                                                  ;
; c_cnt_in_src14                       ; ph_mux_clk             ; String                                                                                                                  ;
; c_cnt_odd_div_duty_en14              ; false                  ; String                                                                                                                  ;
; c_cnt_prst14                         ; 1                      ; Signed Integer                                                                                                          ;
; c_cnt_ph_mux_prst14                  ; 0                      ; Signed Integer                                                                                                          ;
; c_cnt_hi_div15                       ; 1                      ; Signed Integer                                                                                                          ;
; c_cnt_lo_div15                       ; 1                      ; Signed Integer                                                                                                          ;
; c_cnt_bypass_en15                    ; false                  ; String                                                                                                                  ;
; c_cnt_in_src15                       ; ph_mux_clk             ; String                                                                                                                  ;
; c_cnt_odd_div_duty_en15              ; false                  ; String                                                                                                                  ;
; c_cnt_prst15                         ; 1                      ; Signed Integer                                                                                                          ;
; c_cnt_ph_mux_prst15                  ; 0                      ; Signed Integer                                                                                                          ;
; c_cnt_hi_div16                       ; 1                      ; Signed Integer                                                                                                          ;
; c_cnt_lo_div16                       ; 1                      ; Signed Integer                                                                                                          ;
; c_cnt_bypass_en16                    ; false                  ; String                                                                                                                  ;
; c_cnt_in_src16                       ; ph_mux_clk             ; String                                                                                                                  ;
; c_cnt_odd_div_duty_en16              ; false                  ; String                                                                                                                  ;
; c_cnt_prst16                         ; 1                      ; Signed Integer                                                                                                          ;
; c_cnt_ph_mux_prst16                  ; 0                      ; Signed Integer                                                                                                          ;
; c_cnt_hi_div17                       ; 1                      ; Signed Integer                                                                                                          ;
; c_cnt_lo_div17                       ; 1                      ; Signed Integer                                                                                                          ;
; c_cnt_bypass_en17                    ; false                  ; String                                                                                                                  ;
; c_cnt_in_src17                       ; ph_mux_clk             ; String                                                                                                                  ;
; c_cnt_odd_div_duty_en17              ; false                  ; String                                                                                                                  ;
; c_cnt_prst17                         ; 1                      ; Signed Integer                                                                                                          ;
; c_cnt_ph_mux_prst17                  ; 0                      ; Signed Integer                                                                                                          ;
; pll_vco_div                          ; 1                      ; Signed Integer                                                                                                          ;
; pll_slf_rst                          ; false                  ; String                                                                                                                  ;
; pll_bw_sel                           ; low                    ; String                                                                                                                  ;
; pll_output_clk_frequency             ; 0 MHz                  ; String                                                                                                                  ;
; pll_cp_current                       ; 0                      ; Signed Integer                                                                                                          ;
; pll_bwctrl                           ; 0                      ; Signed Integer                                                                                                          ;
; pll_fractional_division              ; 1                      ; Signed Integer                                                                                                          ;
; pll_fractional_cout                  ; 24                     ; Signed Integer                                                                                                          ;
; pll_dsm_out_sel                      ; 1st_order              ; String                                                                                                                  ;
; mimic_fbclk_type                     ; gclk                   ; String                                                                                                                  ;
; pll_fbclk_mux_1                      ; glb                    ; String                                                                                                                  ;
; pll_fbclk_mux_2                      ; fb_1                   ; String                                                                                                                  ;
; pll_m_cnt_in_src                     ; ph_mux_clk             ; String                                                                                                                  ;
; pll_vcoph_div                        ; 1                      ; Signed Integer                                                                                                          ;
; refclk1_frequency                    ; 0 MHz                  ; String                                                                                                                  ;
; pll_clkin_0_src                      ; clk_0                  ; String                                                                                                                  ;
; pll_clkin_1_src                      ; clk_0                  ; String                                                                                                                  ;
; pll_clk_loss_sw_en                   ; false                  ; String                                                                                                                  ;
; pll_auto_clk_sw_en                   ; false                  ; String                                                                                                                  ;
; pll_manu_clk_sw_en                   ; false                  ; String                                                                                                                  ;
; pll_clk_sw_dly                       ; 0                      ; Signed Integer                                                                                                          ;
; pll_extclk_0_cnt_src                 ; pll_extclk_cnt_src_vss ; String                                                                                                                  ;
; pll_extclk_1_cnt_src                 ; pll_extclk_cnt_src_vss ; String                                                                                                                  ;
+--------------------------------------+------------------------+-------------------------------------------------------------------------------------------------------------------------+
Note: In order to hide this table in the UI and the text report file, please set the "Show Parameter Settings in Synthesis Report" option in "Analysis and Synthesis Settings -> More Settings" to "Off".


+-------------------------------------------------------------------------------+
; Parameter Settings for User Entity Instance: vga_controller_1280x800:vga_ctrl ;
+----------------+-------+------------------------------------------------------+
; Parameter Name ; Value ; Type                                                 ;
+----------------+-------+------------------------------------------------------+
; H_VISIBLE      ; 1280  ; Signed Integer                                       ;
; H_FP           ; 48    ; Signed Integer                                       ;
; H_SYNC         ; 32    ; Signed Integer                                       ;
; H_BP           ; 80    ; Signed Integer                                       ;
; H_TOTAL        ; 1440  ; Signed Integer                                       ;
; V_VISIBLE      ; 800   ; Signed Integer                                       ;
; V_FP           ; 3     ; Signed Integer                                       ;
; V_SYNC         ; 6     ; Signed Integer                                       ;
; V_BP           ; 22    ; Signed Integer                                       ;
; V_TOTAL        ; 831   ; Signed Integer                                       ;
+----------------+-------+------------------------------------------------------+
Note: In order to hide this table in the UI and the text report file, please set the "Show Parameter Settings in Synthesis Report" option in "Analysis and Synthesis Settings -> More Settings" to "Off".


+--------------------------------------------------------------------------------+
; Parameter Settings for User Entity Instance: VGA_RISCV_Debug_Panel:vga_display ;
+----------------+----------+----------------------------------------------------+
; Parameter Name ; Value    ; Type                                               ;
+----------------+----------+----------------------------------------------------+
; COLOR_BG_R     ; 00000000 ; Unsigned Binary                                    ;
; COLOR_BG_G     ; 00000000 ; Unsigned Binary                                    ;
; COLOR_BG_B     ; 00100000 ; Unsigned Binary                                    ;
; COLOR_TEXT_R   ; 11111111 ; Unsigned Binary                                    ;
; COLOR_TEXT_G   ; 11111111 ; Unsigned Binary                                    ;
; COLOR_TEXT_B   ; 11111111 ; Unsigned Binary                                    ;
; COLOR_TITLE_R  ; 00000000 ; Unsigned Binary                                    ;
; COLOR_TITLE_G  ; 11111111 ; Unsigned Binary                                    ;
; COLOR_TITLE_B  ; 11111111 ; Unsigned Binary                                    ;
; COLOR_VALUE_R  ; 11111111 ; Unsigned Binary                                    ;
; COLOR_VALUE_G  ; 11111111 ; Unsigned Binary                                    ;
; COLOR_VALUE_B  ; 00000000 ; Unsigned Binary                                    ;
+----------------+----------+----------------------------------------------------+
Note: In order to hide this table in the UI and the text report file, please set the "Show Parameter Settings in Synthesis Report" option in "Analysis and Synthesis Settings -> More Settings" to "Off".


+-----------------------------------------------------------------------------------------------------------------------------------+
; Parameter Settings for Inferred Entity Instance: VGA_RISCV_Debug_Panel:vga_display|altsyncram:font_rom_rtl_0                      ;
+------------------------------------+-----------------------------------------------------------------------------+----------------+
; Parameter Name                     ; Value                                                                       ; Type           ;
+------------------------------------+-----------------------------------------------------------------------------+----------------+
; BYTE_SIZE_BLOCK                    ; 8                                                                           ; Untyped        ;
; AUTO_CARRY_CHAINS                  ; ON                                                                          ; AUTO_CARRY     ;
; IGNORE_CARRY_BUFFERS               ; OFF                                                                         ; IGNORE_CARRY   ;
; AUTO_CASCADE_CHAINS                ; ON                                                                          ; AUTO_CASCADE   ;
; IGNORE_CASCADE_BUFFERS             ; OFF                                                                         ; IGNORE_CASCADE ;
; WIDTH_BYTEENA                      ; 1                                                                           ; Untyped        ;
; OPERATION_MODE                     ; ROM                                                                         ; Untyped        ;
; WIDTH_A                            ; 8                                                                           ; Untyped        ;
; WIDTHAD_A                          ; 11                                                                          ; Untyped        ;
; NUMWORDS_A                         ; 2048                                                                        ; Untyped        ;
; OUTDATA_REG_A                      ; UNREGISTERED                                                                ; Untyped        ;
; ADDRESS_ACLR_A                     ; NONE                                                                        ; Untyped        ;
; OUTDATA_ACLR_A                     ; NONE                                                                        ; Untyped        ;
; WRCONTROL_ACLR_A                   ; NONE                                                                        ; Untyped        ;
; INDATA_ACLR_A                      ; NONE                                                                        ; Untyped        ;
; BYTEENA_ACLR_A                     ; NONE                                                                        ; Untyped        ;
; WIDTH_B                            ; 1                                                                           ; Untyped        ;
; WIDTHAD_B                          ; 1                                                                           ; Untyped        ;
; NUMWORDS_B                         ; 1                                                                           ; Untyped        ;
; INDATA_REG_B                       ; CLOCK1                                                                      ; Untyped        ;
; WRCONTROL_WRADDRESS_REG_B          ; CLOCK1                                                                      ; Untyped        ;
; RDCONTROL_REG_B                    ; CLOCK1                                                                      ; Untyped        ;
; ADDRESS_REG_B                      ; CLOCK1                                                                      ; Untyped        ;
; OUTDATA_REG_B                      ; UNREGISTERED                                                                ; Untyped        ;
; BYTEENA_REG_B                      ; CLOCK1                                                                      ; Untyped        ;
; INDATA_ACLR_B                      ; NONE                                                                        ; Untyped        ;
; WRCONTROL_ACLR_B                   ; NONE                                                                        ; Untyped        ;
; ADDRESS_ACLR_B                     ; NONE                                                                        ; Untyped        ;
; OUTDATA_ACLR_B                     ; NONE                                                                        ; Untyped        ;
; RDCONTROL_ACLR_B                   ; NONE                                                                        ; Untyped        ;
; BYTEENA_ACLR_B                     ; NONE                                                                        ; Untyped        ;
; WIDTH_BYTEENA_A                    ; 1                                                                           ; Untyped        ;
; WIDTH_BYTEENA_B                    ; 1                                                                           ; Untyped        ;
; RAM_BLOCK_TYPE                     ; AUTO                                                                        ; Untyped        ;
; BYTE_SIZE                          ; 8                                                                           ; Untyped        ;
; READ_DURING_WRITE_MODE_MIXED_PORTS ; DONT_CARE                                                                   ; Untyped        ;
; READ_DURING_WRITE_MODE_PORT_A      ; NEW_DATA_NO_NBE_READ                                                        ; Untyped        ;
; READ_DURING_WRITE_MODE_PORT_B      ; NEW_DATA_NO_NBE_READ                                                        ; Untyped        ;
; INIT_FILE                          ; db/ProcesadorMonocicloRISCV_VGA.ram0_VGA_RISCV_Debug_Panel_b715dc34.hdl.mif ; Untyped        ;
; INIT_FILE_LAYOUT                   ; PORT_A                                                                      ; Untyped        ;
; MAXIMUM_DEPTH                      ; 0                                                                           ; Untyped        ;
; CLOCK_ENABLE_INPUT_A               ; NORMAL                                                                      ; Untyped        ;
; CLOCK_ENABLE_INPUT_B               ; NORMAL                                                                      ; Untyped        ;
; CLOCK_ENABLE_OUTPUT_A              ; NORMAL                                                                      ; Untyped        ;
; CLOCK_ENABLE_OUTPUT_B              ; NORMAL                                                                      ; Untyped        ;
; CLOCK_ENABLE_CORE_A                ; USE_INPUT_CLKEN                                                             ; Untyped        ;
; CLOCK_ENABLE_CORE_B                ; USE_INPUT_CLKEN                                                             ; Untyped        ;
; ENABLE_ECC                         ; FALSE                                                                       ; Untyped        ;
; ECC_PIPELINE_STAGE_ENABLED         ; FALSE                                                                       ; Untyped        ;
; WIDTH_ECCSTATUS                    ; 3                                                                           ; Untyped        ;
; DEVICE_FAMILY                      ; Cyclone V                                                                   ; Untyped        ;
; CBXI_PARAMETER                     ; altsyncram_grg1                                                             ; Untyped        ;
+------------------------------------+-----------------------------------------------------------------------------+----------------+
Note: In order to hide this table in the UI and the text report file, please set the "Show Parameter Settings in Synthesis Report" option in "Analysis and Synthesis Settings -> More Settings" to "Off".


+----------------------------------------------------------------------------------------------------+
; Parameter Settings for Inferred Entity Instance: VGA_RISCV_Debug_Panel:vga_display|lpm_divide:Mod0 ;
+------------------------+----------------+----------------------------------------------------------+
; Parameter Name         ; Value          ; Type                                                     ;
+------------------------+----------------+----------------------------------------------------------+
; LPM_WIDTHN             ; 5              ; Untyped                                                  ;
; LPM_WIDTHD             ; 4              ; Untyped                                                  ;
; LPM_NREPRESENTATION    ; UNSIGNED       ; Untyped                                                  ;
; LPM_DREPRESENTATION    ; UNSIGNED       ; Untyped                                                  ;
; LPM_PIPELINE           ; 0              ; Untyped                                                  ;
; LPM_REMAINDERPOSITIVE  ; TRUE           ; Untyped                                                  ;
; MAXIMIZE_SPEED         ; 5              ; Untyped                                                  ;
; CBXI_PARAMETER         ; lpm_divide_52m ; Untyped                                                  ;
; CARRY_CHAIN            ; MANUAL         ; Untyped                                                  ;
; OPTIMIZE_FOR_SPEED     ; 5              ; Untyped                                                  ;
; AUTO_CARRY_CHAINS      ; ON             ; AUTO_CARRY                                               ;
; IGNORE_CARRY_BUFFERS   ; OFF            ; IGNORE_CARRY                                             ;
; AUTO_CASCADE_CHAINS    ; ON             ; AUTO_CASCADE                                             ;
; IGNORE_CASCADE_BUFFERS ; OFF            ; IGNORE_CASCADE                                           ;
+------------------------+----------------+----------------------------------------------------------+
Note: In order to hide this table in the UI and the text report file, please set the "Show Parameter Settings in Synthesis Report" option in "Analysis and Synthesis Settings -> More Settings" to "Off".


+----------------------------------------------------------------------------------------------------+
; Parameter Settings for Inferred Entity Instance: VGA_RISCV_Debug_Panel:vga_display|lpm_divide:Div0 ;
+------------------------+----------------+----------------------------------------------------------+
; Parameter Name         ; Value          ; Type                                                     ;
+------------------------+----------------+----------------------------------------------------------+
; LPM_WIDTHN             ; 5              ; Untyped                                                  ;
; LPM_WIDTHD             ; 4              ; Untyped                                                  ;
; LPM_NREPRESENTATION    ; UNSIGNED       ; Untyped                                                  ;
; LPM_DREPRESENTATION    ; UNSIGNED       ; Untyped                                                  ;
; LPM_PIPELINE           ; 0              ; Untyped                                                  ;
; LPM_REMAINDERPOSITIVE  ; TRUE           ; Untyped                                                  ;
; MAXIMIZE_SPEED         ; 5              ; Untyped                                                  ;
; CBXI_PARAMETER         ; lpm_divide_2am ; Untyped                                                  ;
; CARRY_CHAIN            ; MANUAL         ; Untyped                                                  ;
; OPTIMIZE_FOR_SPEED     ; 5              ; Untyped                                                  ;
; AUTO_CARRY_CHAINS      ; ON             ; AUTO_CARRY                                               ;
; IGNORE_CARRY_BUFFERS   ; OFF            ; IGNORE_CARRY                                             ;
; AUTO_CASCADE_CHAINS    ; ON             ; AUTO_CASCADE                                             ;
; IGNORE_CASCADE_BUFFERS ; OFF            ; IGNORE_CASCADE                                           ;
+------------------------+----------------+----------------------------------------------------------+
Note: In order to hide this table in the UI and the text report file, please set the "Show Parameter Settings in Synthesis Report" option in "Analysis and Synthesis Settings -> More Settings" to "Off".


+---------------------------------------------------------------------------------------------------------+
; altsyncram Parameter Settings by Entity Instance                                                        ;
+-------------------------------------------+-------------------------------------------------------------+
; Name                                      ; Value                                                       ;
+-------------------------------------------+-------------------------------------------------------------+
; Number of entity instances                ; 1                                                           ;
; Entity Instance                           ; VGA_RISCV_Debug_Panel:vga_display|altsyncram:font_rom_rtl_0 ;
;     -- OPERATION_MODE                     ; ROM                                                         ;
;     -- WIDTH_A                            ; 8                                                           ;
;     -- NUMWORDS_A                         ; 2048                                                        ;
;     -- OUTDATA_REG_A                      ; UNREGISTERED                                                ;
;     -- WIDTH_B                            ; 1                                                           ;
;     -- NUMWORDS_B                         ; 1                                                           ;
;     -- ADDRESS_REG_B                      ; CLOCK1                                                      ;
;     -- OUTDATA_REG_B                      ; UNREGISTERED                                                ;
;     -- RAM_BLOCK_TYPE                     ; AUTO                                                        ;
;     -- READ_DURING_WRITE_MODE_MIXED_PORTS ; DONT_CARE                                                   ;
+-------------------------------------------+-------------------------------------------------------------+


+--------------------------------------------------------------------------------------------------------------------------------------------------------------------------------------+
; Port Connectivity Checks: "clock1280x800:vga_clock_gen|vgaClock:clk|vgaClock_video_pll_0:video_pll_0|vgaClock_video_pll_0_video_pll:video_pll|altera_pll:altera_pll_i"               ;
+-------------------+--------+----------+----------------------------------------------------------------------------------------------------------------------------------------------+
; Port              ; Type   ; Severity ; Details                                                                                                                                      ;
+-------------------+--------+----------+----------------------------------------------------------------------------------------------------------------------------------------------+
; fboutclk          ; Output ; Info     ; Explicitly unconnected                                                                                                                       ;
; fbclk             ; Input  ; Info     ; Stuck at GND                                                                                                                                 ;
; refclk1           ; Input  ; Warning  ; Declared by entity but not connected by instance. If a default value exists, it will be used.  Otherwise, the port will be connected to GND. ;
; phase_en          ; Input  ; Warning  ; Declared by entity but not connected by instance. If a default value exists, it will be used.  Otherwise, the port will be connected to GND. ;
; updn              ; Input  ; Warning  ; Declared by entity but not connected by instance. If a default value exists, it will be used.  Otherwise, the port will be connected to GND. ;
; num_phase_shifts  ; Input  ; Warning  ; Declared by entity but not connected by instance. If a default value exists, it will be used.  Otherwise, the port will be connected to GND. ;
; scanclk           ; Input  ; Warning  ; Declared by entity but not connected by instance. If a default value exists, it will be used.  Otherwise, the port will be connected to GND. ;
; cntsel            ; Input  ; Warning  ; Declared by entity but not connected by instance. If a default value exists, it will be used.  Otherwise, the port will be connected to GND. ;
; reconfig_to_pll   ; Input  ; Warning  ; Declared by entity but not connected by instance. If a default value exists, it will be used.  Otherwise, the port will be connected to GND. ;
; extswitch         ; Input  ; Warning  ; Declared by entity but not connected by instance. If a default value exists, it will be used.  Otherwise, the port will be connected to GND. ;
; adjpllin          ; Input  ; Warning  ; Declared by entity but not connected by instance. If a default value exists, it will be used.  Otherwise, the port will be connected to GND. ;
; cclk              ; Input  ; Warning  ; Declared by entity but not connected by instance. If a default value exists, it will be used.  Otherwise, the port will be connected to GND. ;
; phase_done        ; Output ; Warning  ; Declared by entity but not connected by instance. Logic that only feeds a dangling port will be removed.                                     ;
; reconfig_from_pll ; Output ; Warning  ; Declared by entity but not connected by instance. Logic that only feeds a dangling port will be removed.                                     ;
; activeclk         ; Output ; Warning  ; Declared by entity but not connected by instance. Logic that only feeds a dangling port will be removed.                                     ;
; clkbad            ; Output ; Warning  ; Declared by entity but not connected by instance. Logic that only feeds a dangling port will be removed.                                     ;
; phout             ; Output ; Warning  ; Declared by entity but not connected by instance. Logic that only feeds a dangling port will be removed.                                     ;
; lvds_clk          ; Output ; Warning  ; Declared by entity but not connected by instance. Logic that only feeds a dangling port will be removed.                                     ;
; loaden            ; Output ; Warning  ; Declared by entity but not connected by instance. Logic that only feeds a dangling port will be removed.                                     ;
; extclk_out        ; Output ; Warning  ; Declared by entity but not connected by instance. Logic that only feeds a dangling port will be removed.                                     ;
; cascade_out       ; Output ; Warning  ; Declared by entity but not connected by instance. Logic that only feeds a dangling port will be removed.                                     ;
; zdbfbclk          ; Bidir  ; Warning  ; Declared by entity but not connected by instance. Logic that only feeds a dangling port will be removed.                                     ;
+-------------------+--------+----------+----------------------------------------------------------------------------------------------------------------------------------------------+


+------------------------------------------------------------------------------------------------------------------------------------------------+
; Port Connectivity Checks: "clock1280x800:vga_clock_gen|vgaClock:clk|vgaClock_video_pll_0:video_pll_0|vgaClock_video_pll_0_video_pll:video_pll" ;
+----------+--------+----------+-----------------------------------------------------------------------------------------------------------------+
; Port     ; Type   ; Severity ; Details                                                                                                         ;
+----------+--------+----------+-----------------------------------------------------------------------------------------------------------------+
; outclk_0 ; Output ; Info     ; Explicitly unconnected                                                                                          ;
; outclk_2 ; Output ; Info     ; Explicitly unconnected                                                                                          ;
+----------+--------+----------+-----------------------------------------------------------------------------------------------------------------+


+------------------------------------------------------------------------------------------------------------------------------+
; Port Connectivity Checks: "clock1280x800:vga_clock_gen|vgaClock:clk"                                                         ;
+--------------------+--------+----------+-------------------------------------------------------------------------------------+
; Port               ; Type   ; Severity ; Details                                                                             ;
+--------------------+--------+----------+-------------------------------------------------------------------------------------+
; reset_source_reset ; Output ; Info     ; Connected to dangling logic. Logic that only feeds a dangling port will be removed. ;
+--------------------+--------+----------+-------------------------------------------------------------------------------------+


+---------------------------------------------------------------+
; Port Connectivity Checks: "DataMemory_32bits_VGA:data_memory" ;
+-------------+--------+----------+-----------------------------+
; Port        ; Type   ; Severity ; Details                     ;
+-------------+--------+----------+-----------------------------+
; vga_address ; Input  ; Info     ; Stuck at GND                ;
; vga_data    ; Output ; Info     ; Explicitly unconnected      ;
+-------------+--------+----------+-----------------------------+


+---------------------------------------------------+
; Port Connectivity Checks: "ALU_32bits:alu"        ;
+------+--------+----------+------------------------+
; Port ; Type   ; Severity ; Details                ;
+------+--------+----------+------------------------+
; zero ; Output ; Info     ; Explicitly unconnected ;
+------+--------+----------+------------------------+


+----------------------------------------------------------------------------------------------------------------------------------------------------------------------------------------------------------+
; Port Connectivity Checks: "CU_32bits:control_unit"                                                                                                                                                       ;
+--------------+--------+----------+-----------------------------------------------------------------------------------------------------------------------------------------------------------------------+
; Port         ; Type   ; Severity ; Details                                                                                                                                                               ;
+--------------+--------+----------+-----------------------------------------------------------------------------------------------------------------------------------------------------------------------+
; alu_op       ; Output ; Warning  ; Output or bidir port (2 bits) is smaller than the port expression (4 bits) it drives.  The 2 most-significant bit(s) in the port expression will be connected to GND. ;
; alu_op[1..0] ; Output ; Info     ; Connected to dangling logic. Logic that only feeds a dangling port will be removed.                                                                                   ;
; branch       ; Output ; Warning  ; Declared by entity but not connected by instance. Logic that only feeds a dangling port will be removed.                                                              ;
; jump         ; Output ; Warning  ; Declared by entity but not connected by instance. Logic that only feeds a dangling port will be removed.                                                              ;
; auipc        ; Output ; Warning  ; Declared by entity but not connected by instance. Logic that only feeds a dangling port will be removed.                                                              ;
+--------------+--------+----------+-----------------------------------------------------------------------------------------------------------------------------------------------------------------------+


+------------------------------------------------------+
; Port Connectivity Checks: "PC_32bit:program_counter" ;
+--------------+-------+----------+--------------------+
; Port         ; Type  ; Severity ; Details            ;
+--------------+-------+----------+--------------------+
; write_enable ; Input ; Info     ; Stuck at VCC       ;
+--------------+-------+----------+--------------------+


+-----------------------------------------------------+
; Post-Synthesis Netlist Statistics for Top Partition ;
+-----------------------+-----------------------------+
; Type                  ; Count                       ;
+-----------------------+-----------------------------+
; arriav_ff             ; 105                         ;
;     CLR SLD           ; 30                          ;
;     ENA SCLR          ; 10                          ;
;     SCLR              ; 11                          ;
;     plain             ; 54                          ;
; arriav_lcell_comb     ; 247                         ;
;     arith             ; 107                         ;
;         0 data inputs ; 8                           ;
;         1 data inputs ; 57                          ;
;         2 data inputs ; 32                          ;
;         3 data inputs ; 2                           ;
;         4 data inputs ; 4                           ;
;         5 data inputs ; 4                           ;
;     extend            ; 11                          ;
;         7 data inputs ; 11                          ;
;     normal            ; 129                         ;
;         0 data inputs ; 1                           ;
;         1 data inputs ; 2                           ;
;         2 data inputs ; 11                          ;
;         3 data inputs ; 32                          ;
;         4 data inputs ; 22                          ;
;         5 data inputs ; 24                          ;
;         6 data inputs ; 37                          ;
; boundary_port         ; 41                          ;
; generic_pll           ; 2                           ;
; stratixv_ram_block    ; 8                           ;
;                       ;                             ;
; Max LUT depth         ; 7.60                        ;
; Average LUT depth     ; 3.98                        ;
+-----------------------+-----------------------------+


+-------------------------------+
; Elapsed Time Per Partition    ;
+----------------+--------------+
; Partition Name ; Elapsed Time ;
+----------------+--------------+
; Top            ; 00:00:01     ;
+----------------+--------------+


+-------------------------------+
; Analysis & Synthesis Messages ;
+-------------------------------+
Info: *******************************************************************
Info: Running Quartus Prime Analysis & Synthesis
    Info: Version 23.1std.1 Build 993 05/14/2024 SC Lite Edition
    Info: Processing started: Tue Nov 25 20:20:52 2025
Info: Command: quartus_map --read_settings_files=on --write_settings_files=off ProcesadorMonocicloRISCV_VGA -c ProcesadorMonocicloRISCV_VGA
Info (20032): Parallel compilation is enabled and will use up to 4 processors
Info (12248): Elaborating Platform Designer system entity "vgaClock.qsys"
Info (12250): 2025.11.25.20:21:00 Progress: Loading CodigoVGA/vgaClock.qsys
Info (12250): 2025.11.25.20:21:01 Progress: Reading input file
Info (12250): 2025.11.25.20:21:01 Progress: Adding video_pll_0 [altera_up_avalon_video_pll 18.0]
Info (12250): 2025.11.25.20:21:01 Progress: Parameterizing module video_pll_0
Info (12250): 2025.11.25.20:21:01 Progress: Building connections
Info (12250): 2025.11.25.20:21:01 Progress: Parameterizing connections
Info (12250): 2025.11.25.20:21:01 Progress: Validating
Info (12250): 2025.11.25.20:21:03 Progress: Done reading input file
Info (12250): VgaClock: Generating vgaClock "vgaClock" for QUARTUS_SYNTH
Info (12250): Video_pll_0: "vgaClock" instantiated altera_up_avalon_video_pll "video_pll_0"
Info (12250): Video_pll: "video_pll_0" instantiated altera_pll "video_pll"
Info (12250): Reset_from_locked: "video_pll_0" instantiated altera_up_avalon_reset_from_locked_signal "reset_from_locked"
Info (12250): VgaClock: Done "vgaClock" with 4 modules, 5 files
Info (12249): Finished elaborating Platform Designer system entity "vgaClock.qsys"
Info (12021): Found 2 design units, including 2 entities, in source file procesadormonociclo_32bits_vga.v
    Info (12023): Found entity 1: ProcesadorMonociclo_32bits_VGA File: C:/Users/joseo/Desktop/Code/ArquitecturaComputadores/ProcesadorMonociclo/Quartus/ProcesadorMonociclo_32bits_VGA.v Line: 7
    Info (12023): Found entity 2: DataMemory_32bits_VGA File: C:/Users/joseo/Desktop/Code/ArquitecturaComputadores/ProcesadorMonociclo/Quartus/ProcesadorMonociclo_32bits_VGA.v Line: 253
Info (12021): Found 1 design units, including 1 entities, in source file vga_riscv_debug_panel.v
    Info (12023): Found entity 1: VGA_RISCV_Debug_Panel File: C:/Users/joseo/Desktop/Code/ArquitecturaComputadores/ProcesadorMonociclo/Quartus/VGA_RISCV_Debug_Panel.v Line: 5
Info (12021): Found 3 design units, including 3 entities, in source file vga_controller_1280x800.v
    Info (12023): Found entity 1: color File: C:/Users/joseo/Desktop/Code/ArquitecturaComputadores/ProcesadorMonociclo/Quartus/VGA_Controller_1280x800.v Line: 1
    Info (12023): Found entity 2: clock1280x800 File: C:/Users/joseo/Desktop/Code/ArquitecturaComputadores/ProcesadorMonociclo/Quartus/VGA_Controller_1280x800.v Line: 79
    Info (12023): Found entity 3: vga_controller_1280x800 File: C:/Users/joseo/Desktop/Code/ArquitecturaComputadores/ProcesadorMonociclo/Quartus/VGA_Controller_1280x800.v Line: 92
Info (12021): Found 1 design units, including 1 entities, in source file alu_32bits.v
    Info (12023): Found entity 1: ALU_32bits File: C:/Users/joseo/Desktop/Code/ArquitecturaComputadores/ProcesadorMonociclo/Quartus/ALU_32bits.v Line: 5
Info (12021): Found 1 design units, including 1 entities, in source file pc_32bit.v
    Info (12023): Found entity 1: PC_32bit File: C:/Users/joseo/Desktop/Code/ArquitecturaComputadores/ProcesadorMonociclo/Quartus/PC_32bit.v Line: 5
Info (12021): Found 1 design units, including 1 entities, in source file rf24_32bit.v
    Info (12023): Found entity 1: RF24_32bit File: C:/Users/joseo/Desktop/Code/ArquitecturaComputadores/ProcesadorMonociclo/Quartus/RF24_32bit.v Line: 4
Info (12021): Found 1 design units, including 1 entities, in source file pm24_32bit.v
    Info (12023): Found entity 1: PM24_32bit File: C:/Users/joseo/Desktop/Code/ArquitecturaComputadores/ProcesadorMonociclo/Quartus/PM24_32bit.v Line: 4
Info (12021): Found 1 design units, including 1 entities, in source file immediate_32bits.v
    Info (12023): Found entity 1: Immediate_32bits File: C:/Users/joseo/Desktop/Code/ArquitecturaComputadores/ProcesadorMonociclo/Quartus/Immediate_32bits.v Line: 6
Info (12021): Found 1 design units, including 1 entities, in source file branch_32bit.v
    Info (12023): Found entity 1: Branch_32bit File: C:/Users/joseo/Desktop/Code/ArquitecturaComputadores/ProcesadorMonociclo/Quartus/Branch_32bit.v Line: 6
Info (12021): Found 1 design units, including 1 entities, in source file cu_32bits.v
    Info (12023): Found entity 1: CU_32bits File: C:/Users/joseo/Desktop/Code/ArquitecturaComputadores/ProcesadorMonociclo/Quartus/CU_32bits.v Line: 6
Info (12021): Found 1 design units, including 1 entities, in source file db/ip/vgaclock/submodules/altera_up_avalon_reset_from_locked_signal.v
    Info (12023): Found entity 1: altera_up_avalon_reset_from_locked_signal File: C:/Users/joseo/Desktop/Code/ArquitecturaComputadores/ProcesadorMonociclo/Quartus/db/ip/vgaclock/submodules/altera_up_avalon_reset_from_locked_signal.v Line: 28
Info (12021): Found 1 design units, including 1 entities, in source file db/ip/vgaclock/submodules/vgaclock_video_pll_0.v
    Info (12023): Found entity 1: vgaClock_video_pll_0 File: C:/Users/joseo/Desktop/Code/ArquitecturaComputadores/ProcesadorMonociclo/Quartus/db/ip/vgaclock/submodules/vgaclock_video_pll_0.v Line: 9
Info (12021): Found 1 design units, including 1 entities, in source file db/ip/vgaclock/submodules/vgaclock_video_pll_0_video_pll.v
    Info (12023): Found entity 1: vgaClock_video_pll_0_video_pll File: C:/Users/joseo/Desktop/Code/ArquitecturaComputadores/ProcesadorMonociclo/Quartus/db/ip/vgaclock/submodules/vgaclock_video_pll_0_video_pll.v Line: 2
Info (12021): Found 1 design units, including 1 entities, in source file db/ip/vgaclock/vgaclock.v
    Info (12023): Found entity 1: vgaClock File: C:/Users/joseo/Desktop/Code/ArquitecturaComputadores/ProcesadorMonociclo/Quartus/db/ip/vgaclock/vgaclock.v Line: 6
Warning (10236): Verilog HDL Implicit Net warning at VGA_Controller_1280x800.v(24): created implicit net for "reset" File: C:/Users/joseo/Desktop/Code/ArquitecturaComputadores/ProcesadorMonociclo/Quartus/VGA_Controller_1280x800.v Line: 24
Info (12127): Elaborating entity "ProcesadorMonociclo_32bits_VGA" for the top level hierarchy
Info (12128): Elaborating entity "PC_32bit" for hierarchy "PC_32bit:program_counter" File: C:/Users/joseo/Desktop/Code/ArquitecturaComputadores/ProcesadorMonociclo/Quartus/ProcesadorMonociclo_32bits_VGA.v Line: 75
Info (12128): Elaborating entity "PM24_32bit" for hierarchy "PM24_32bit:program_memory" File: C:/Users/joseo/Desktop/Code/ArquitecturaComputadores/ProcesadorMonociclo/Quartus/ProcesadorMonociclo_32bits_VGA.v Line: 83
Warning (10030): Net "program_memory.data_a" at PM24_32bit.v(12) has no driver or initial value, using a default initial value '0' File: C:/Users/joseo/Desktop/Code/ArquitecturaComputadores/ProcesadorMonociclo/Quartus/PM24_32bit.v Line: 12
Warning (10030): Net "program_memory.waddr_a" at PM24_32bit.v(12) has no driver or initial value, using a default initial value '0' File: C:/Users/joseo/Desktop/Code/ArquitecturaComputadores/ProcesadorMonociclo/Quartus/PM24_32bit.v Line: 12
Warning (10030): Net "program_memory.we_a" at PM24_32bit.v(12) has no driver or initial value, using a default initial value '0' File: C:/Users/joseo/Desktop/Code/ArquitecturaComputadores/ProcesadorMonociclo/Quartus/PM24_32bit.v Line: 12
Info (12128): Elaborating entity "Immediate_32bits" for hierarchy "Immediate_32bits:imm_gen" File: C:/Users/joseo/Desktop/Code/ArquitecturaComputadores/ProcesadorMonociclo/Quartus/ProcesadorMonociclo_32bits_VGA.v Line: 101
Info (12128): Elaborating entity "CU_32bits" for hierarchy "CU_32bits:control_unit" File: C:/Users/joseo/Desktop/Code/ArquitecturaComputadores/ProcesadorMonociclo/Quartus/ProcesadorMonociclo_32bits_VGA.v Line: 116
Info (12128): Elaborating entity "RF24_32bit" for hierarchy "RF24_32bit:register_file" File: C:/Users/joseo/Desktop/Code/ArquitecturaComputadores/ProcesadorMonociclo/Quartus/ProcesadorMonociclo_32bits_VGA.v Line: 133
Info (12128): Elaborating entity "ALU_32bits" for hierarchy "ALU_32bits:alu" File: C:/Users/joseo/Desktop/Code/ArquitecturaComputadores/ProcesadorMonociclo/Quartus/ProcesadorMonociclo_32bits_VGA.v Line: 150
Info (12128): Elaborating entity "Branch_32bit" for hierarchy "Branch_32bit:branch_unit" File: C:/Users/joseo/Desktop/Code/ArquitecturaComputadores/ProcesadorMonociclo/Quartus/ProcesadorMonociclo_32bits_VGA.v Line: 165
Info (12128): Elaborating entity "DataMemory_32bits_VGA" for hierarchy "DataMemory_32bits_VGA:data_memory" File: C:/Users/joseo/Desktop/Code/ArquitecturaComputadores/ProcesadorMonociclo/Quartus/ProcesadorMonociclo_32bits_VGA.v Line: 180
Info (12128): Elaborating entity "clock1280x800" for hierarchy "clock1280x800:vga_clock_gen" File: C:/Users/joseo/Desktop/Code/ArquitecturaComputadores/ProcesadorMonociclo/Quartus/ProcesadorMonociclo_32bits_VGA.v Line: 201
Info (12128): Elaborating entity "vgaClock" for hierarchy "clock1280x800:vga_clock_gen|vgaClock:clk" File: C:/Users/joseo/Desktop/Code/ArquitecturaComputadores/ProcesadorMonociclo/Quartus/VGA_Controller_1280x800.v Line: 89
Info (12128): Elaborating entity "vgaClock_video_pll_0" for hierarchy "clock1280x800:vga_clock_gen|vgaClock:clk|vgaClock_video_pll_0:video_pll_0" File: C:/Users/joseo/Desktop/Code/ArquitecturaComputadores/ProcesadorMonociclo/Quartus/db/ip/vgaclock/vgaclock.v Line: 18
Info (12128): Elaborating entity "vgaClock_video_pll_0_video_pll" for hierarchy "clock1280x800:vga_clock_gen|vgaClock:clk|vgaClock_video_pll_0:video_pll_0|vgaClock_video_pll_0_video_pll:video_pll" File: C:/Users/joseo/Desktop/Code/ArquitecturaComputadores/ProcesadorMonociclo/Quartus/db/ip/vgaclock/submodules/vgaclock_video_pll_0.v Line: 25
Info (12128): Elaborating entity "altera_pll" for hierarchy "clock1280x800:vga_clock_gen|vgaClock:clk|vgaClock_video_pll_0:video_pll_0|vgaClock_video_pll_0_video_pll:video_pll|altera_pll:altera_pll_i" File: C:/Users/joseo/Desktop/Code/ArquitecturaComputadores/ProcesadorMonociclo/Quartus/db/ip/vgaclock/submodules/vgaclock_video_pll_0_video_pll.v Line: 91
Info (10008): Verilog HDL or VHDL information: EDA Netlist Writer cannot regroup multidimensional array "wire_to_nowhere_64" into its bus
Info (12130): Elaborated megafunction instantiation "clock1280x800:vga_clock_gen|vgaClock:clk|vgaClock_video_pll_0:video_pll_0|vgaClock_video_pll_0_video_pll:video_pll|altera_pll:altera_pll_i" File: C:/Users/joseo/Desktop/Code/ArquitecturaComputadores/ProcesadorMonociclo/Quartus/db/ip/vgaclock/submodules/vgaclock_video_pll_0_video_pll.v Line: 91
Info (12133): Instantiated megafunction "clock1280x800:vga_clock_gen|vgaClock:clk|vgaClock_video_pll_0:video_pll_0|vgaClock_video_pll_0_video_pll:video_pll|altera_pll:altera_pll_i" with the following parameter: File: C:/Users/joseo/Desktop/Code/ArquitecturaComputadores/ProcesadorMonociclo/Quartus/db/ip/vgaclock/submodules/vgaclock_video_pll_0_video_pll.v Line: 91
    Info (12134): Parameter "fractional_vco_multiplier" = "false"
    Info (12134): Parameter "reference_clock_frequency" = "50.0 MHz"
    Info (12134): Parameter "operation_mode" = "direct"
    Info (12134): Parameter "number_of_clocks" = "3"
    Info (12134): Parameter "output_clock_frequency0" = "25.000000 MHz"
    Info (12134): Parameter "phase_shift0" = "0 ps"
    Info (12134): Parameter "duty_cycle0" = "50"
    Info (12134): Parameter "output_clock_frequency1" = "83.333333 MHz"
    Info (12134): Parameter "phase_shift1" = "0 ps"
    Info (12134): Parameter "duty_cycle1" = "50"
    Info (12134): Parameter "output_clock_frequency2" = "32.894736 MHz"
    Info (12134): Parameter "phase_shift2" = "0 ps"
    Info (12134): Parameter "duty_cycle2" = "50"
    Info (12134): Parameter "output_clock_frequency3" = "0 MHz"
    Info (12134): Parameter "phase_shift3" = "0 ps"
    Info (12134): Parameter "duty_cycle3" = "50"
    Info (12134): Parameter "output_clock_frequency4" = "0 MHz"
    Info (12134): Parameter "phase_shift4" = "0 ps"
    Info (12134): Parameter "duty_cycle4" = "50"
    Info (12134): Parameter "output_clock_frequency5" = "0 MHz"
    Info (12134): Parameter "phase_shift5" = "0 ps"
    Info (12134): Parameter "duty_cycle5" = "50"
    Info (12134): Parameter "output_clock_frequency6" = "0 MHz"
    Info (12134): Parameter "phase_shift6" = "0 ps"
    Info (12134): Parameter "duty_cycle6" = "50"
    Info (12134): Parameter "output_clock_frequency7" = "0 MHz"
    Info (12134): Parameter "phase_shift7" = "0 ps"
    Info (12134): Parameter "duty_cycle7" = "50"
    Info (12134): Parameter "output_clock_frequency8" = "0 MHz"
    Info (12134): Parameter "phase_shift8" = "0 ps"
    Info (12134): Parameter "duty_cycle8" = "50"
    Info (12134): Parameter "output_clock_frequency9" = "0 MHz"
    Info (12134): Parameter "phase_shift9" = "0 ps"
    Info (12134): Parameter "duty_cycle9" = "50"
    Info (12134): Parameter "output_clock_frequency10" = "0 MHz"
    Info (12134): Parameter "phase_shift10" = "0 ps"
    Info (12134): Parameter "duty_cycle10" = "50"
    Info (12134): Parameter "output_clock_frequency11" = "0 MHz"
    Info (12134): Parameter "phase_shift11" = "0 ps"
    Info (12134): Parameter "duty_cycle11" = "50"
    Info (12134): Parameter "output_clock_frequency12" = "0 MHz"
    Info (12134): Parameter "phase_shift12" = "0 ps"
    Info (12134): Parameter "duty_cycle12" = "50"
    Info (12134): Parameter "output_clock_frequency13" = "0 MHz"
    Info (12134): Parameter "phase_shift13" = "0 ps"
    Info (12134): Parameter "duty_cycle13" = "50"
    Info (12134): Parameter "output_clock_frequency14" = "0 MHz"
    Info (12134): Parameter "phase_shift14" = "0 ps"
    Info (12134): Parameter "duty_cycle14" = "50"
    Info (12134): Parameter "output_clock_frequency15" = "0 MHz"
    Info (12134): Parameter "phase_shift15" = "0 ps"
    Info (12134): Parameter "duty_cycle15" = "50"
    Info (12134): Parameter "output_clock_frequency16" = "0 MHz"
    Info (12134): Parameter "phase_shift16" = "0 ps"
    Info (12134): Parameter "duty_cycle16" = "50"
    Info (12134): Parameter "output_clock_frequency17" = "0 MHz"
    Info (12134): Parameter "phase_shift17" = "0 ps"
    Info (12134): Parameter "duty_cycle17" = "50"
    Info (12134): Parameter "pll_type" = "General"
    Info (12134): Parameter "pll_subtype" = "General"
Info (12128): Elaborating entity "altera_up_avalon_reset_from_locked_signal" for hierarchy "clock1280x800:vga_clock_gen|vgaClock:clk|vgaClock_video_pll_0:video_pll_0|altera_up_avalon_reset_from_locked_signal:reset_from_locked" File: C:/Users/joseo/Desktop/Code/ArquitecturaComputadores/ProcesadorMonociclo/Quartus/db/ip/vgaclock/submodules/vgaclock_video_pll_0.v Line: 30
Info (12128): Elaborating entity "vga_controller_1280x800" for hierarchy "vga_controller_1280x800:vga_ctrl" File: C:/Users/joseo/Desktop/Code/ArquitecturaComputadores/ProcesadorMonociclo/Quartus/ProcesadorMonociclo_32bits_VGA.v Line: 216
Warning (10230): Verilog HDL assignment warning at VGA_Controller_1280x800.v(130): truncated value with size 32 to match size of target (10) File: C:/Users/joseo/Desktop/Code/ArquitecturaComputadores/ProcesadorMonociclo/Quartus/VGA_Controller_1280x800.v Line: 130
Warning (10230): Verilog HDL assignment warning at VGA_Controller_1280x800.v(132): truncated value with size 32 to match size of target (11) File: C:/Users/joseo/Desktop/Code/ArquitecturaComputadores/ProcesadorMonociclo/Quartus/VGA_Controller_1280x800.v Line: 132
Info (12128): Elaborating entity "VGA_RISCV_Debug_Panel" for hierarchy "VGA_RISCV_Debug_Panel:vga_display" File: C:/Users/joseo/Desktop/Code/ArquitecturaComputadores/ProcesadorMonociclo/Quartus/ProcesadorMonociclo_32bits_VGA.v Line: 245
Warning (10036): Verilog HDL or VHDL warning at VGA_RISCV_Debug_Panel.v(45): object "inst_vga" assigned a value but never read File: C:/Users/joseo/Desktop/Code/ArquitecturaComputadores/ProcesadorMonociclo/Quartus/VGA_RISCV_Debug_Panel.v Line: 45
Warning (10036): Verilog HDL or VHDL warning at VGA_RISCV_Debug_Panel.v(45): object "alu_vga" assigned a value but never read File: C:/Users/joseo/Desktop/Code/ArquitecturaComputadores/ProcesadorMonociclo/Quartus/VGA_RISCV_Debug_Panel.v Line: 45
Warning (10036): Verilog HDL or VHDL warning at VGA_RISCV_Debug_Panel.v(45): object "rs1_data_vga" assigned a value but never read File: C:/Users/joseo/Desktop/Code/ArquitecturaComputadores/ProcesadorMonociclo/Quartus/VGA_RISCV_Debug_Panel.v Line: 45
Warning (10036): Verilog HDL or VHDL warning at VGA_RISCV_Debug_Panel.v(45): object "rs2_data_vga" assigned a value but never read File: C:/Users/joseo/Desktop/Code/ArquitecturaComputadores/ProcesadorMonociclo/Quartus/VGA_RISCV_Debug_Panel.v Line: 45
Warning (10036): Verilog HDL or VHDL warning at VGA_RISCV_Debug_Panel.v(45): object "rd_data_vga" assigned a value but never read File: C:/Users/joseo/Desktop/Code/ArquitecturaComputadores/ProcesadorMonociclo/Quartus/VGA_RISCV_Debug_Panel.v Line: 45
Warning (10036): Verilog HDL or VHDL warning at VGA_RISCV_Debug_Panel.v(46): object "rs1_vga" assigned a value but never read File: C:/Users/joseo/Desktop/Code/ArquitecturaComputadores/ProcesadorMonociclo/Quartus/VGA_RISCV_Debug_Panel.v Line: 46
Warning (10036): Verilog HDL or VHDL warning at VGA_RISCV_Debug_Panel.v(46): object "rs2_vga" assigned a value but never read File: C:/Users/joseo/Desktop/Code/ArquitecturaComputadores/ProcesadorMonociclo/Quartus/VGA_RISCV_Debug_Panel.v Line: 46
Warning (10036): Verilog HDL or VHDL warning at VGA_RISCV_Debug_Panel.v(46): object "rd_vga" assigned a value but never read File: C:/Users/joseo/Desktop/Code/ArquitecturaComputadores/ProcesadorMonociclo/Quartus/VGA_RISCV_Debug_Panel.v Line: 46
Warning (10850): Verilog HDL warning at VGA_RISCV_Debug_Panel.v(35): number of words (1040) in memory file does not match the number of elements in the address range [0:2047] File: C:/Users/joseo/Desktop/Code/ArquitecturaComputadores/ProcesadorMonociclo/Quartus/VGA_RISCV_Debug_Panel.v Line: 35
Warning (10230): Verilog HDL assignment warning at VGA_RISCV_Debug_Panel.v(65): truncated value with size 32 to match size of target (5) File: C:/Users/joseo/Desktop/Code/ArquitecturaComputadores/ProcesadorMonociclo/Quartus/VGA_RISCV_Debug_Panel.v Line: 65
Warning (10230): Verilog HDL assignment warning at VGA_RISCV_Debug_Panel.v(201): truncated value with size 32 to match size of target (8) File: C:/Users/joseo/Desktop/Code/ArquitecturaComputadores/ProcesadorMonociclo/Quartus/VGA_RISCV_Debug_Panel.v Line: 201
Warning (10230): Verilog HDL assignment warning at VGA_RISCV_Debug_Panel.v(146): truncated value with size 32 to match size of target (5) File: C:/Users/joseo/Desktop/Code/ArquitecturaComputadores/ProcesadorMonociclo/Quartus/VGA_RISCV_Debug_Panel.v Line: 146
Warning (10230): Verilog HDL assignment warning at VGA_RISCV_Debug_Panel.v(156): truncated value with size 32 to match size of target (8) File: C:/Users/joseo/Desktop/Code/ArquitecturaComputadores/ProcesadorMonociclo/Quartus/VGA_RISCV_Debug_Panel.v Line: 156
Warning (10230): Verilog HDL assignment warning at VGA_RISCV_Debug_Panel.v(163): truncated value with size 32 to match size of target (8) File: C:/Users/joseo/Desktop/Code/ArquitecturaComputadores/ProcesadorMonociclo/Quartus/VGA_RISCV_Debug_Panel.v Line: 163
Warning (10030): Net "font_rom.data_a" at VGA_RISCV_Debug_Panel.v(32) has no driver or initial value, using a default initial value '0' File: C:/Users/joseo/Desktop/Code/ArquitecturaComputadores/ProcesadorMonociclo/Quartus/VGA_RISCV_Debug_Panel.v Line: 32
Warning (10030): Net "font_rom.waddr_a" at VGA_RISCV_Debug_Panel.v(32) has no driver or initial value, using a default initial value '0' File: C:/Users/joseo/Desktop/Code/ArquitecturaComputadores/ProcesadorMonociclo/Quartus/VGA_RISCV_Debug_Panel.v Line: 32
Warning (10030): Net "font_rom.we_a" at VGA_RISCV_Debug_Panel.v(32) has no driver or initial value, using a default initial value '0' File: C:/Users/joseo/Desktop/Code/ArquitecturaComputadores/ProcesadorMonociclo/Quartus/VGA_RISCV_Debug_Panel.v Line: 32
Warning (12011): Net is missing source, defaulting to GND
    Warning (12110): Net "alu_op[3]" is missing source, defaulting to GND File: C:/Users/joseo/Desktop/Code/ArquitecturaComputadores/ProcesadorMonociclo/Quartus/ProcesadorMonociclo_32bits_VGA.v Line: 38
Warning (12011): Net is missing source, defaulting to GND
    Warning (12110): Net "alu_op[3]" is missing source, defaulting to GND File: C:/Users/joseo/Desktop/Code/ArquitecturaComputadores/ProcesadorMonociclo/Quartus/ProcesadorMonociclo_32bits_VGA.v Line: 38
Warning (12011): Net is missing source, defaulting to GND
    Warning (12110): Net "alu_op[3]" is missing source, defaulting to GND File: C:/Users/joseo/Desktop/Code/ArquitecturaComputadores/ProcesadorMonociclo/Quartus/ProcesadorMonociclo_32bits_VGA.v Line: 38
Warning (12011): Net is missing source, defaulting to GND
    Warning (12110): Net "alu_op[3]" is missing source, defaulting to GND File: C:/Users/joseo/Desktop/Code/ArquitecturaComputadores/ProcesadorMonociclo/Quartus/ProcesadorMonociclo_32bits_VGA.v Line: 38
Warning (14284): Synthesized away the following node(s):
    Warning (14285): Synthesized away the following PLL node(s):
        Warning (14320): Synthesized away node "clock1280x800:vga_clock_gen|vgaClock:clk|vgaClock_video_pll_0:video_pll_0|vgaClock_video_pll_0_video_pll:video_pll|altera_pll:altera_pll_i|outclk_wire[2]" File: c:/intelfpga_lite/23.1std/quartus/libraries/megafunctions/altera_pll.v Line: 749
Info (276014): Found 2 instances of uninferred RAM logic
    Info (276007): RAM logic "DataMemory_32bits_VGA:data_memory|data_memory" is uninferred due to asynchronous read logic File: C:/Users/joseo/Desktop/Code/ArquitecturaComputadores/ProcesadorMonociclo/Quartus/ProcesadorMonociclo_32bits_VGA.v Line: 265
    Info (276007): RAM logic "PM24_32bit:program_memory|program_memory" is uninferred due to asynchronous read logic File: C:/Users/joseo/Desktop/Code/ArquitecturaComputadores/ProcesadorMonociclo/Quartus/PM24_32bit.v Line: 12
Info (19000): Inferred 1 megafunctions from design logic
    Info (276029): Inferred altsyncram megafunction from the following design logic: "VGA_RISCV_Debug_Panel:vga_display|font_rom_rtl_0" 
        Info (286033): Parameter OPERATION_MODE set to ROM
        Info (286033): Parameter WIDTH_A set to 8
        Info (286033): Parameter WIDTHAD_A set to 11
        Info (286033): Parameter NUMWORDS_A set to 2048
        Info (286033): Parameter OUTDATA_REG_A set to UNREGISTERED
        Info (286033): Parameter ADDRESS_ACLR_A set to NONE
        Info (286033): Parameter OUTDATA_ACLR_A set to NONE
        Info (286033): Parameter INDATA_ACLR_A set to NONE
        Info (286033): Parameter WRCONTROL_ACLR_A set to NONE
        Info (286033): Parameter INIT_FILE set to db/ProcesadorMonocicloRISCV_VGA.ram0_VGA_RISCV_Debug_Panel_b715dc34.hdl.mif
Info (278001): Inferred 2 megafunctions from design logic
    Info (278004): Inferred divider/modulo megafunction ("lpm_divide") from the following logic: "VGA_RISCV_Debug_Panel:vga_display|Mod0" File: C:/Users/joseo/Desktop/Code/ArquitecturaComputadores/ProcesadorMonociclo/Quartus/VGA_RISCV_Debug_Panel.v Line: 163
    Info (278004): Inferred divider/modulo megafunction ("lpm_divide") from the following logic: "VGA_RISCV_Debug_Panel:vga_display|Div0" File: C:/Users/joseo/Desktop/Code/ArquitecturaComputadores/ProcesadorMonociclo/Quartus/VGA_RISCV_Debug_Panel.v Line: 156
Info (12130): Elaborated megafunction instantiation "VGA_RISCV_Debug_Panel:vga_display|altsyncram:font_rom_rtl_0"
Info (12133): Instantiated megafunction "VGA_RISCV_Debug_Panel:vga_display|altsyncram:font_rom_rtl_0" with the following parameter:
    Info (12134): Parameter "OPERATION_MODE" = "ROM"
    Info (12134): Parameter "WIDTH_A" = "8"
    Info (12134): Parameter "WIDTHAD_A" = "11"
    Info (12134): Parameter "NUMWORDS_A" = "2048"
    Info (12134): Parameter "OUTDATA_REG_A" = "UNREGISTERED"
    Info (12134): Parameter "ADDRESS_ACLR_A" = "NONE"
    Info (12134): Parameter "OUTDATA_ACLR_A" = "NONE"
    Info (12134): Parameter "INDATA_ACLR_A" = "NONE"
    Info (12134): Parameter "WRCONTROL_ACLR_A" = "NONE"
    Info (12134): Parameter "INIT_FILE" = "db/ProcesadorMonocicloRISCV_VGA.ram0_VGA_RISCV_Debug_Panel_b715dc34.hdl.mif"
Info (12021): Found 1 design units, including 1 entities, in source file db/altsyncram_grg1.tdf
    Info (12023): Found entity 1: altsyncram_grg1 File: C:/Users/joseo/Desktop/Code/ArquitecturaComputadores/ProcesadorMonociclo/Quartus/db/altsyncram_grg1.tdf Line: 28
Info (12130): Elaborated megafunction instantiation "VGA_RISCV_Debug_Panel:vga_display|lpm_divide:Mod0" File: C:/Users/joseo/Desktop/Code/ArquitecturaComputadores/ProcesadorMonociclo/Quartus/VGA_RISCV_Debug_Panel.v Line: 163
Info (12133): Instantiated megafunction "VGA_RISCV_Debug_Panel:vga_display|lpm_divide:Mod0" with the following parameter: File: C:/Users/joseo/Desktop/Code/ArquitecturaComputadores/ProcesadorMonociclo/Quartus/VGA_RISCV_Debug_Panel.v Line: 163
    Info (12134): Parameter "LPM_WIDTHN" = "5"
    Info (12134): Parameter "LPM_WIDTHD" = "4"
    Info (12134): Parameter "LPM_NREPRESENTATION" = "UNSIGNED"
    Info (12134): Parameter "LPM_DREPRESENTATION" = "UNSIGNED"
Info (12021): Found 1 design units, including 1 entities, in source file db/lpm_divide_52m.tdf
    Info (12023): Found entity 1: lpm_divide_52m File: C:/Users/joseo/Desktop/Code/ArquitecturaComputadores/ProcesadorMonociclo/Quartus/db/lpm_divide_52m.tdf Line: 25
Info (12021): Found 1 design units, including 1 entities, in source file db/sign_div_unsign_8kh.tdf
    Info (12023): Found entity 1: sign_div_unsign_8kh File: C:/Users/joseo/Desktop/Code/ArquitecturaComputadores/ProcesadorMonociclo/Quartus/db/sign_div_unsign_8kh.tdf Line: 25
Info (12021): Found 1 design units, including 1 entities, in source file db/alt_u_div_mse.tdf
    Info (12023): Found entity 1: alt_u_div_mse File: C:/Users/joseo/Desktop/Code/ArquitecturaComputadores/ProcesadorMonociclo/Quartus/db/alt_u_div_mse.tdf Line: 23
Info (12130): Elaborated megafunction instantiation "VGA_RISCV_Debug_Panel:vga_display|lpm_divide:Div0" File: C:/Users/joseo/Desktop/Code/ArquitecturaComputadores/ProcesadorMonociclo/Quartus/VGA_RISCV_Debug_Panel.v Line: 156
Info (12133): Instantiated megafunction "VGA_RISCV_Debug_Panel:vga_display|lpm_divide:Div0" with the following parameter: File: C:/Users/joseo/Desktop/Code/ArquitecturaComputadores/ProcesadorMonociclo/Quartus/VGA_RISCV_Debug_Panel.v Line: 156
    Info (12134): Parameter "LPM_WIDTHN" = "5"
    Info (12134): Parameter "LPM_WIDTHD" = "4"
    Info (12134): Parameter "LPM_NREPRESENTATION" = "UNSIGNED"
    Info (12134): Parameter "LPM_DREPRESENTATION" = "UNSIGNED"
Info (12021): Found 1 design units, including 1 entities, in source file db/lpm_divide_2am.tdf
    Info (12023): Found entity 1: lpm_divide_2am File: C:/Users/joseo/Desktop/Code/ArquitecturaComputadores/ProcesadorMonociclo/Quartus/db/lpm_divide_2am.tdf Line: 25
Warning (12241): 2 hierarchies have connectivity warnings - see the Connectivity Checks report folder
Warning (13024): Output pins are stuck at VCC or GND
    Warning (13410): Pin "LEDR[0]" is stuck at GND File: C:/Users/joseo/Desktop/Code/ArquitecturaComputadores/ProcesadorMonociclo/Quartus/ProcesadorMonociclo_32bits_VGA.v Line: 13
    Warning (13410): Pin "LEDR[1]" is stuck at GND File: C:/Users/joseo/Desktop/Code/ArquitecturaComputadores/ProcesadorMonociclo/Quartus/ProcesadorMonociclo_32bits_VGA.v Line: 13
    Warning (13410): Pin "VGA_SYNC_N" is stuck at GND File: C:/Users/joseo/Desktop/Code/ArquitecturaComputadores/ProcesadorMonociclo/Quartus/ProcesadorMonociclo_32bits_VGA.v Line: 24
Info (286030): Timing-Driven Synthesis is running
Info (144001): Generated suppressed messages file C:/Users/joseo/Desktop/Code/ArquitecturaComputadores/ProcesadorMonociclo/Quartus/output_files/ProcesadorMonocicloRISCV_VGA.map.smsg
Info (16010): Generating hard_block partition "hard_block:auto_generated_inst"
    Info (16011): Adding 8 node(s), including 0 DDIO, 2 PLL, 0 transceiver and 0 LCELL
Warning: OUTCLK port on the PLL is not properly connected on instance clock1280x800:vga_clock_gen|vgaClock:clk|vgaClock_video_pll_0:video_pll_0|vgaClock_video_pll_0_video_pll:video_pll|altera_pll:altera_pll_i|general[0].gpll. The output clock port on the PLL must be connected. File: c:/intelfpga_lite/23.1std/quartus/libraries/megafunctions/altera_pll.v Line: 749
    Info: Must be connected
Info (21057): Implemented 349 device resources after synthesis - the final resource count might be different
    Info (21058): Implemented 2 input pins
    Info (21059): Implemented 39 output pins
    Info (21061): Implemented 298 logic cells
    Info (21064): Implemented 8 RAM segments
    Info (21065): Implemented 2 PLLs
Info: Quartus Prime Analysis & Synthesis was successful. 0 errors, 40 warnings
    Info: Peak virtual memory: 4862 megabytes
    Info: Processing ended: Tue Nov 25 20:21:09 2025
    Info: Elapsed time: 00:00:17
    Info: Total CPU time (on all processors): 00:00:36


+------------------------------------------+
; Analysis & Synthesis Suppressed Messages ;
+------------------------------------------+
The suppressed messages can be found in C:/Users/joseo/Desktop/Code/ArquitecturaComputadores/ProcesadorMonociclo/Quartus/output_files/ProcesadorMonocicloRISCV_VGA.map.smsg.


